  CCSDS_OEM_VERS = 2.0
  CREATION_DATE  = 2026-08-21T00:48:50
  ORIGINATOR     = BACC

  META_START
  OBJECT_NAME    = KJZ
  OBJECT_ID      = CSS
  CENTER_NAME    = EARTH
  REF_FRAME      = EME2000
  TIME_SYSTEM    = UTC
  START_TIME     = 2026-08-21T00:00:00.000000
  STOP_TIME      = 2026-08-28T00:00:00.000000
  META_STOP

  COMMENT OEM data, unit is km and km/s.
  2026-08-21T00:00:00.000000       4555.223576747      -4255.760879945       2627.971545643    3.00497796700    5.75655709800    4.10002748500
  2026-08-21T00:04:00.000000       5099.644028507      -2734.348794008       3502.688971040    1.50386492900    6.84335799100    3.14410129200
  2026-08-21T00:08:00.000000       5268.234923209      -1011.419896985       4118.534210366   -0.10753972300    7.42553049200    1.95617054700
  2026-08-21T00:11:59.999999       5048.696761575        786.025460357       4430.087542650   -1.71057365200    7.46054330900    0.62404090200
  2026-08-21T00:15:59.999999       4457.279966764       2525.568933773       4414.386752969   -3.18741931000    6.94601145300   -0.75406538200
  2026-08-21T00:20:00.000000       3537.550692705       4079.072788407       4072.590502434   -4.42964768000    5.91975225700   -2.07662763000
  2026-08-21T00:24:00.000000       2357.193050017       5332.038636823       3429.876200591   -5.34587454100    4.45694088500   -3.24616450200
  2026-08-21T00:27:59.999999       1003.106085269       6192.013287416       2533.645947846   -5.86838443600    2.66506689200   -4.17612209100
  2026-08-21T00:31:59.999999       -424.942655324       6595.473405846       1450.081630938   -5.95836011600    0.67622971000   -4.79754316700
  2026-08-21T00:36:00.000000      -1821.669593473       6512.600855852        259.277819922   -5.60898150900   -1.36249584900   -5.06419861800
  2026-08-21T00:40:00.000000      -3084.108466543       5949.593172634       -950.700208010   -4.84631764500   -3.30001513000   -4.95638547600
  2026-08-21T00:43:59.999999      -4119.320318998       4948.202200709      -2090.431545096   -3.72727118500   -4.99305546400   -4.48254820500
  2026-08-21T00:47:59.999999      -4851.292427522       3582.525231033      -3075.832979287   -2.33506132600   -6.31705390900   -3.67839746500
  2026-08-21T00:52:00.000000      -5226.499224500       1953.363127534      -3834.381922707   -0.77261590400   -7.17537738200   -2.60389469400
  2026-08-21T00:56:00.000000      -5217.704119649        180.667614647      -4310.395775531    0.84526648700   -7.50596391800   -1.33850862600
  2026-08-21T00:59:59.999999      -4825.810302326      -1605.299602470      -4469.013907245    2.40032355200   -7.28538550500    0.02479969000
  2026-08-21T01:03:59.999999      -4079.680067732      -3273.429306717      -4298.640166297    3.77916707200   -6.52999761900    1.38626003300
  2026-08-21T01:08:00.000000      -3034.016457592      -4701.210163356      -3811.746718488    4.88109456500   -5.29467872500    2.64623799100
  2026-08-21T01:12:00.000000      -1765.453433731      -5783.582593553      -3044.005416460    5.62515029500   -3.66917460800    3.71218214100
  2026-08-21T01:15:59.999999       -367.074967482      -6440.632861398      -2051.781073118    5.95607765000   -1.77210184000    4.50526169000
  2026-08-21T01:19:59.999999       1058.312871728      -6623.577737688       -908.104238745    5.84869552900    0.25728724800    4.96634956100
  2026-08-21T01:24:00.000000       2405.718815152      -6318.542481391        302.652896966    5.31016776100    2.26911810200    5.06069454400
  2026-08-21T01:28:00.000000       3575.785091548      -5547.762066161       1491.024659054    4.38001985200    4.11435264300    4.78093155700
  2026-08-21T01:31:59.999999       4482.231701120      -4367.972767211       2569.153964006    3.12697013000    5.65634089500    4.14772230100
  2026-08-21T01:35:59.999999       5058.268937680      -2866.183317533       3457.355288299    1.64371376500    6.78107054600    3.20807526100
  2026-08-21T01:40:00.000000       5261.542362065      -1153.162142909       4090.044082139    0.03984469600    7.40576309600    2.03168911600
  2026-08-21T01:44:00.000000       5077.196710200        644.818143304       4420.556735605   -1.56649925500    7.48474497700    0.70554941000
  2026-08-21T01:47:59.999999       4518.888836299       2395.304307684       4424.539270768   -3.05729665200    7.01243142900   -0.67257364300
  2026-08-21T01:51:59.999999       3627.741763280       3969.353512124       4101.690295864   -4.32305181600    6.02348945800   -2.00120114000
  2026-08-21T01:56:00.000000       2469.339530491       5250.960025514       3475.789891321   -5.27064629000    4.59040644400   -3.18234766900
  2026-08-21T02:00:00.000000       1128.959827451       6145.568765626       2592.997186104   -5.83009794500    2.81843039800   -4.12865272200
  2026-08-21T02:03:59.999999       -294.648880876       6587.103403460       1518.500022429   -5.95987986800    0.83819646400   -4.76992207800
  2026-08-21T02:07:59.999999      -1696.542963527       6542.941470705        331.717054099   -5.65026561500   -1.20389586100   -5.05853931600
  2026-08-21T02:12:00.000000      -2973.381394519       6016.401928631       -879.598336873   -4.92427142700   -3.15660622900   -4.97310407600
  2026-08-21T02:16:00.000000      -4031.146600068       5046.532283520      -2025.913585600   -3.83608791100   -4.87541361700   -4.52034987800
  2026-08-21T02:19:59.999999      -4792.149666731       3705.108947401      -3022.648078959   -2.46666245000   -6.23381746400   -3.73444295800
  2026-08-21T02:23:59.999999      -5200.714146020       2091.161813276      -3796.432371364   -0.91727982100   -7.13259512000   -2.67402425000
  2026-08-21T02:28:00.000000      -5227.148581480        323.540009594      -4290.457529805    0.69816106000   -7.50671595100   -1.41754185500
  2026-08-21T02:32:00.000000      -4869.772394735      -1467.850477746      -4468.534032061    2.26154242900   -7.32953929700   -0.05732552600
  2026-08-21T02:35:59.999999      -4154.927603488      -3151.491501188      -4317.642152601    3.65883205100   -6.61430742700    1.30702785600
  2026-08-21T02:39:59.999999      -3135.033733382      -4603.738876494      -3848.835513633    4.78800896300   -5.41301884000    2.57567316800
  2026-08-21T02:44:00.000000      -1884.832183260      -5717.757502891      -3096.463538809    5.56617478900   -3.81294139600    3.65546330500
  2026-08-21T02:48:00.000000       -496.048831015      -6411.326962842      -2115.756856989    5.93560121100   -1.93078935000    4.46660430700
  2026-08-21T02:51:59.999999        929.231145453      -6632.990648311       -978.886871629    5.86829159900    0.09530082500    4.94863777000
  2026-08-21T02:55:59.999999       2286.047424586      -6366.028451958        230.287977062    5.36851840600    2.11581956600    5.06531678600
  2026-08-21T03:00:00.000000       3474.361240480      -5629.842065345       1422.431682095    4.47277385200    3.98114801100    4.80753273900
  2026-08-21T03:04:00.000000       4406.535593106      -4478.618186655       2509.399481185    3.24730672600    5.55297459500    4.19433318900
  2026-08-21T03:08:00.000000       5013.899621260      -2997.262293890       3410.863448273    1.78281677000    6.71522474800    3.27129919400
  2026-08-21T03:11:59.999999       5251.789285297      -1295.018511148       4060.261488181    0.18741469900    7.38235411700    2.10684185600
  2026-08-21T03:15:59.999999       5102.787125284        502.638920950       4409.693024510   -1.42135673900    7.50547729300    0.78707782400
  2026-08-21T03:20:00.000000       4577.948892270       2263.277717456       4433.407006945   -2.92525371400    7.07578941000   -0.59068855200
  2026-08-21T03:24:00.000000       3715.929859425       3857.213563352       4129.648405092   -4.21386903700    6.12482842500   -1.92498435400
  2026-08-21T03:27:59.999999       2580.158891511       5166.976914359       3520.788025026   -5.19239649800    4.72225578500   -3.11745479600
  2026-08-21T03:31:59.999999       1254.246842709       6095.938039208       2651.716084106   -5.78853396200    2.97107725400   -4.07991993300
  2026-08-21T03:36:00.000000       -164.121499007       6575.484243644       1586.599380740   -5.95803941900    1.00035306200   -4.74096648300
  2026-08-21T03:40:00.000000      -1570.382534217       6570.192228138        404.166232634   -5.68827574800   -1.04412559200   -5.05146826000
  2026-08-21T03:43:59.999999      -2860.880249071       6080.528945800       -808.152763400   -4.99938734100   -3.01099234600   -4.98849870400
  2026-08-21T03:47:59.999999      -3940.592905233       5142.809479075      -1960.761168870   -3.94272556400   -4.75476496900   -4.55705999800
  2026-08-21T03:52:00.000000      -4730.200912058       3826.437776161      -2968.603074442   -2.59692206500   -6.14698987400   -3.78971745900
  2026-08-21T03:56:00.000000      -5171.917032878       2228.610181040      -3757.481867939   -1.06158805700   -7.08590445700   -2.74376080800
  2026-08-21T03:59:59.999999      -5233.620712844        467.006644849      -4269.475883272    0.55036503300   -7.50355662300   -1.49662265400
  2026-08-21T04:03:59.999999      -4911.052181959      -1328.903706776      -4467.079298968    2.12105397200   -7.37014131100   -0.13997032800
  2026-08-21T04:08:00.000000      -4228.009829567      -3027.276923996      -4335.843059316    3.53592791200   -6.69573006400    1.22688399800
  2026-08-21T04:12:00.000000      -3234.585434750      -4503.401991044      -3885.379444905    4.69169323400   -5.52936269500    2.50389612600
  2026-08-21T04:15:59.999999      -2003.574165519      -5648.712467974      -3148.693593354    5.50356593800   -3.95576697400    3.59733139000
  2026-08-21T04:19:59.999999       -625.276088102      -6378.711936678      -2179.857576616    5.91139813800   -2.08968458900    4.42644360200
  2026-08-21T04:24:00.000000        799.022685746      -6639.275686295      -1050.149834074    5.88438711200   -0.06795670900    4.92949816600
  2026-08-21T04:28:00.000000       2164.455611651      -6410.807586531        157.116892054    5.42378886900    1.96028246200    5.06865794000
  2026-08-21T04:31:59.999999       3370.362588684      -5709.858838564       1352.760914323    4.56320530400    3.84488699300    4.83318951300
  2026-08-21T04:35:59.999999       4327.809155162      -4587.983127576       2448.387189626    3.36615456900    5.44619036300    4.24036627600
  2026-08-21T04:40:00.000000       4966.239416881      -3127.910641761       3363.010787607    1.92125420000    6.64572764400    3.33425256800
  2026-08-21T04:44:00.000000       5238.698461020      -1437.331239685       4029.096889396    0.33527660100    7.35525945700    2.18209391800
  2026-08-21T04:47:59.999999       5125.223585334        359.152163167       4397.512658475   -1.27500798000    7.52284337100    0.86903213600
  2026-08-21T04:51:59.999999       4634.235980663       2129.191521725       4441.091982005   -2.79125685700    7.13626825800   -0.50812430300
  2026-08-21T04:56:00.000000       3801.896662904       3742.396781532       4156.609750414   -4.10205999000    6.22393096600   -1.84791302200
  2026-08-21T05:00:00.000000       2689.455567678       5079.873080278       3565.011979619   -5.11099516900    4.85266696300   -3.05155835100
  2026-08-21T05:03:59.999999       1378.803030393       6042.945123214       2709.915046509   -5.74355128500    3.12315270000   -4.03007918600
  2026-08-21T05:07:59.999999        -33.498094391       6560.474342098       1654.452144589   -5.95277389800    1.16282958300   -4.71086188600
  2026-08-21T05:12:00.000000      -1443.322396223       6594.222391892        476.641198083   -5.72303721500   -0.88327976500   -5.04328426500
  2026-08-21T05:16:00.000000      -2746.728014601       6141.776649403       -736.417284730   -5.07151179400   -2.86359491700   -5.00280538200
  2026-08-21T05:19:59.999999      -3847.722866338       5236.723350851      -1895.069673356   -4.04684554600   -4.63162059400   -4.59280081000
  2026-08-21T05:23:59.999999      -4665.408169576       3946.071299719      -2913.806633304   -2.72533131000   -6.05711636400   -3.84419961700
  2026-08-21T05:28:00.000000      -5139.925883207       2365.142114652      -3717.616611895   -1.20484180000   -7.03581095400   -2.81292945000
  2026-08-21T05:32:00.000000      -5236.750138082        610.398602420      -4247.472016343    0.40273531200   -7.49682415300   -1.57538773900
  2026-08-21T05:35:59.999999      -4949.059874663      -1189.180158353      -4464.559701035    1.97981020400   -7.40724905000   -0.22257422100
  2026-08-21T05:39:59.999999      -4298.111592762      -2901.481034741      -4353.005046651    3.41136298200   -6.77399148900    1.14648092900
  2026-08-21T05:44:00.000000      -3331.650757745      -4400.789007417      -3920.978385671    4.59294718600   -5.64310882500    2.43161303600
  2026-08-21T05:48:00.000000      -2120.493323056      -5576.849085769      -3200.125271039    5.43789374000   -4.09670478700    3.53849082900
  2026-08-21T05:51:59.999999       -753.471094944      -6342.924508098      -2243.350577603    5.88368910700   -2.24752816300    4.38539561300
  2026-08-21T05:55:59.999999        668.974186712      -6642.249402978      -1121.036366798    5.89676601300   -0.23112728200    4.90933387800
  2026-08-21T06:00:00.000000       2042.133696231      -6452.373149890         84.069401620    5.47540490000    1.80385413900    5.07092912700
  2026-08-21T06:04:00.000000       3264.786528241      -5786.991361412       1282.950765772    4.65028704600    3.70676224600    4.85773621700
  2026-08-21T06:08:00.000000       4246.775384226      -4695.026264628       2386.980921800    3.48232235300    5.33662238700    4.28541923600
  2026-08-21T06:11:59.999999       4915.731945165      -3256.978147964       3314.555249858    2.05788054800    6.57289753600    3.39643663700
  2026-08-21T06:15:59.999999       5222.433607090      -1578.907609677       3997.165819651    0.48224066000    7.32447952700    2.25675713700
  2026-08-21T06:20:00.000000       5144.393641549        215.486939892       4384.456755481   -1.12849815300    7.53633534900    0.95069978300
  2026-08-21T06:24:00.000000       4687.430326789       1994.018793965       4447.879613084   -2.65599748400    7.19311474000   -0.42546430200
  2026-08-21T06:27:59.999999       3885.186533349       3625.679179636       4182.736090475   -3.98807417700    6.31991347900   -1.77041731900
  2026-08-21T06:31:59.999999       2796.691059298       4990.204003351       3608.538114266   -5.02667118200    4.98069282300   -2.98495927300
  2026-08-21T06:36:00.000000       1502.070497577       5986.920134820       2767.615009596   -5.69510508000    3.27376249700   -3.97930270500
  2026-08-21T06:40:00.000000         96.705428315       6542.204525950       1722.049234402   -5.94377308300    1.32489295400   -4.67966895000
  2026-08-21T06:43:59.999999      -1315.787826423       6615.024071915        549.128653969   -5.75413191000   -0.72177860700   -5.03397193600
  2026-08-21T06:47:59.999999      -2631.259827371       6200.068758341       -664.400427148   -5.14033307000   -2.71460778800   -5.01600133700
  2026-08-21T06:52:00.000000      -3752.811125052       5328.161037592      -1828.833549931   -4.14825775200   -4.50610489300   -4.62747392600
  2026-08-21T06:56:00.000000      -4598.011939931       4063.873781505      -2858.223601627   -2.85178246200   -5.96426645600   -3.89774176800
  2026-08-21T06:59:59.999999      -5104.959929383       2500.607576768      -3676.761415291   -1.34696846000   -6.98235713000   -2.88135621000
  2026-08-21T07:03:59.999999      -5236.737125497        753.554917546      -4224.329213984    0.25537491200   -7.48656074300   -1.65365655800
  2026-08-21T07:08:00.000000      -4983.966684387      -1048.840668432      -4460.815574006    1.83794931600   -7.44084161800   -0.30497552000
  2026-08-21T07:12:00.000000      -4365.362632075      -2774.253331070      -4368.934505100    3.28533888700   -6.84899496600    1.06594132400
  2026-08-21T07:15:59.999999      -3426.310331400      -4296.016659402      -3955.418800502    4.49196762700   -5.75408946200    2.35884472700
  2026-08-21T07:19:59.999999      -2235.616402748      -5502.245580466      -3250.552681670    5.36941181200   -4.23559055000    3.47886928500
  2026-08-21T07:24:00.000000       -880.596007135      -6303.996739777      -2306.054220206    5.85278040800   -2.40410574200    4.34335328600
  2026-08-21T07:28:00.000000        539.198979436      -6641.880457155      -1191.395351897    5.90573107200   -0.39389580000    4.88797558000
  2026-08-21T07:31:59.999999       1919.266550789      -6490.613223213         11.245647824    5.52365444300    1.64688207500    5.07188218800
  2026-08-21T07:35:59.999999       3157.885629220      -5861.035006364       1213.045433560    4.73426414400    3.56722923600    4.88095471900
  2026-08-21T07:40:00.000000       4163.716529510      -4799.416887116       2325.162135014    3.59579624200    5.22482157600    4.32916916300
  2026-08-21T07:44:00.000000       4862.629986282      -3384.026952576       3265.392313909    2.19250823700    6.49705907800    3.45750091300
  2026-08-21T07:47:59.999999       5203.197915613      -1719.247996375       3964.294238906    0.62807504300    7.29023317300    2.33060108900
  2026-08-21T07:51:59.999999       5160.430937272         72.196683476       4370.297475808   -0.98220040100    7.54614645000    1.03182308000
  2026-08-21T07:56:00.000000       4737.558139913       1858.325904057       4453.469152284   -2.51995413900    7.24622745100   -0.34301987500
  2026-08-21T08:00:00.000000       3965.722362385       3507.576751296       4207.668100188   -3.87229563900    6.41250164200   -1.69267410500
  2026-08-21T08:03:59.999999       2901.701042494       4898.406525111       3650.978999237   -4.93975973100    5.10594055900   -2.91769961700
  2026-08-21T08:07:59.999999       1623.810494917       5928.197454718       2824.432631237   -5.64347110800    3.42243385100   -3.92750663100
  2026-08-21T08:12:00.000000        226.194306466       6520.888178741       1789.042768204   -5.93123215000    1.48600542200   -4.64719843800
  2026-08-21T08:16:00.000000      -1188.101372515       6632.678093738        621.338088522   -5.78159535200   -0.56016148600   -5.02324340100
  2026-08-21T08:19:59.999999      -2514.788135596       6255.370025661       -592.318104873   -5.20573558200   -2.56444232000   -5.02777734100
  2026-08-21T08:23:59.999999      -3656.124387252       5417.005496741      -1762.202798694   -4.24670468100   -4.37846630700   -4.66083684900
  2026-08-21T08:28:00.000000      -4528.209418415       4179.692720126      -2801.954469538   -2.97598291100   -5.86849758400   -3.95018538400
  2026-08-21T08:32:00.000000      -5067.154828673       2634.859101362      -3634.990459734   -1.48775942300   -6.92546019000   -2.94897745400
  2026-08-21T08:35:59.999999      -5233.682841151        896.354552235      -4200.115605924    0.10836150700   -7.47264252600   -1.73143748700
  2026-08-21T08:39:59.999999      -5015.863329650       -907.983185079      -4455.921329695    1.69549508000   -7.47083513100   -0.38720222700
  2026-08-21T08:44:00.000000      -4429.853775263      -2645.669289346      -4383.710129898    3.15783146700   -6.92065280300    0.98525079000
  2026-08-21T08:48:00.000000      -3518.665077227      -4189.138659426      -3988.786780838    4.38871096300   -5.86222808300    2.28554944400
  2026-08-21T08:51:59.999999      -2349.058940082      -5424.939451596      -3300.073983866    5.29802001300   -4.37236440100    3.41839005000
  2026-08-21T08:55:59.999999      -1006.793285614      -6261.968547075      -2368.090408985    5.81855469800   -2.55950580000    4.30019999900
  2026-08-21T09:00:00.000000        409.535836099      -6638.246506914      -1261.371614837    5.91125737200   -0.55645446200    4.86537241600
  2026-08-21T09:04:00.000000       1795.688343664      -6525.652829477        -61.508009758    5.56853325700    1.48914984300    5.07149388500
  2026-08-21T09:08:00.000000       3049.502510565      -5932.177566097       1142.889105161    4.81522634600    3.42597592500    4.90285421200
  2026-08-21T09:11:59.999999       4078.520219595      -4901.416780915       2262.790380237    3.70685226100    5.11053005400    4.37173339100
  2026-08-21T09:15:59.999999       4806.892666980      -3509.354690490       3215.410329303    2.32542137100    6.41814401700    3.51753911500
  2026-08-21T09:20:00.000000       5181.016261996      -1858.667375189       3930.385425153    0.77307536100    7.25244702100    2.40368782800
  2026-08-21T09:24:00.000000       5173.435974649        -71.040922634       4354.965922913   -0.83580276800    7.55230348700    1.11258002400
  2026-08-21T09:27:59.999999       4784.783747772       1721.821371490       4457.843824621   -2.38292754000    7.29582708000   -0.26057477700
  2026-08-21T09:31:59.999999       4043.696307363       3387.854813680       4231.422915180   -3.75466183200    6.50189628100   -1.61461020200
  2026-08-21T09:36:00.000000       3004.697559386       4804.290438625       3692.367956745   -4.85017554500    5.22863391100   -2.84972481100
  2026-08-21T09:40:00.000000       1744.246270976       5866.644767550       2880.409453326   -5.58863181100    3.56940989200   -3.87467090300
  2026-08-21T09:43:59.999999        355.186187059       6496.451076004       1855.478140126   -5.91521931100    1.64640258700   -4.61342690700
  2026-08-21T09:47:59.999999      -1060.074352573       6647.163768039        693.323031478   -5.80559542200   -0.39821766800   -5.01105980000
  2026-08-21T09:52:00.000000      -2397.171769310       6307.703337292       -520.106098394   -5.26795003000   -2.41295615800   -5.03807596300
  2026-08-21T09:56:00.000000      -3557.587746475       5503.308020106      -1695.095301612   -4.34249098100   -4.24862220200   -4.69280619100
  2026-08-21T09:59:59.999999      -4455.999974484       4293.583992213      -2744.895151076   -3.09821888000   -5.76985018700   -4.00142112500
  2026-08-21T10:03:59.999999      -5026.565655300       2767.937835479      -3592.170034187   -1.62740028900   -6.86518294200   -3.01566042000
  2026-08-21T10:08:00.000000      -5227.678964919       1038.829371834      -4174.672106767   -0.03842839900   -7.45510285600   -1.80866843200
  2026-08-21T10:12:00.000000      -5044.869463962       -766.583643087      -4449.714758421    1.55232525900   -7.49726802100   -0.46929093100
  2026-08-21T10:15:59.999999      -4491.729326340      -2515.725525993      -4397.185636824    3.02877240200   -6.98908169900    0.90433147500
  2026-08-21T10:19:59.999999      -3608.863705246      -4080.180486140      -4020.948882038    4.28319351100   -5.96761377400    2.21169805300
  2026-08-21T10:24:00.000000      -2460.964631271      -5344.967325191      -3348.566838743    5.22376898600   -4.50706665700    3.35699789700
  2026-08-21T10:28:00.000000      -1132.189200782      -6216.880711543      -2429.354095861    5.78109517000   -2.71371522900    4.25583701000
  2026-08-21T10:31:59.999999        279.878174918      -6631.382931446      -1330.888902613    5.91342430100   -0.71879983200    4.84139156600
  2026-08-21T10:35:59.999999       1671.320933721      -6557.524008537       -134.138084396    5.61018004300    1.33071353500    5.06969200700
  2026-08-21T10:40:00.000000       2939.587149982      -6000.426047131       1072.514952011    4.89326637100    3.28314320200    4.92333736600
  2026-08-21T10:44:00.000000       3991.151111224      -5001.003147431       2199.870156031    3.81553717400    4.99383101000    4.41297855300
  2026-08-21T10:47:59.999999       4748.503968015      -3632.926052406       3164.589076639    2.45673511600    6.33620391600    3.57648252900
  2026-08-21T10:51:59.999999       5155.899137909      -1997.103867275       3895.406223193    0.91730777400    7.21127199800    2.47594343600
  2026-08-21T10:56:00.000000       5183.428919248       -214.140679336       4338.400639820   -0.68924626400    7.55485171300    1.19283621200
  2026-08-21T11:00:00.000000       4829.150219357       1584.596970977       4460.916953190   -2.24481714100    7.34194384300   -0.17819556800
  2026-08-21T11:03:59.999999       4119.166236736       3266.617254924       4253.910814569   -3.63516370500    6.58817468700   -1.53620004900
  2026-08-21T11:07:59.999999       3105.721793812       4707.973937989       3732.613264664   -4.75803637900    5.34875754000   -2.78107534000
  2026-08-21T11:12:00.000000       1863.401984601       5802.362266358       2935.444857637   -5.53061764200    3.71460500000   -3.82083183900
  2026-08-21T11:16:00.000000        483.707651421       6468.973654455       1921.245440929   -5.89568069200    1.80601954300   -4.57839149800
  2026-08-21T11:19:59.999999       -931.661455153       6658.551965366        764.965097325   -5.82603661300   -0.23596860900   -4.99744434200
  2026-08-21T11:23:59.999999      -2278.342358339       6357.140352173       -447.885800860   -5.32687830700   -2.26010477900   -5.04690341700
  2026-08-21T11:28:00.000000      -3457.109000906       5587.158927106      -1627.636080778   -4.43553259200   -4.11646979300   -4.72340288100
  2026-08-21T11:32:00.000000      -4381.277230001       4405.674375038      -2687.177780691   -3.21847914900   -5.66812124100   -4.05150228800
  2026-08-21T11:35:59.999999      -4983.101349874       2900.019678850      -3548.452434822   -1.76601373900   -6.80133468300   -3.08151511400
  2026-08-21T11:39:59.999999      -5218.673533990       1181.194554621      -4148.174005121   -0.18520726900   -7.43378053600   -1.88542712800
  2026-08-21T11:44:00.000000      -5070.995566622       -624.391743332      -4442.391077611    1.40814885200   -7.52002717200   -0.55133392600
  2026-08-21T11:48:00.000000      -4551.080861187      -2384.150021157      -4409.584573628    2.89777400400   -7.05425726700    0.82303060100
  2026-08-21T11:51:59.999999      -3697.096300981      -3968.892488175      -4052.169483057    4.17499875700   -6.07044731400    2.13712012900
  2026-08-21T11:55:59.999999      -2571.612392544      -5262.146934840      -3396.325197738    5.14632473700   -4.64001553300    3.29460478700
  2026-08-21T12:00:00.000000      -1257.135022586      -6168.632270561      -2490.155582145    5.74013819700   -2.86710206800    4.21021848200
  2026-08-21T12:04:00.000000        149.820316222      -6621.286957001      -1400.267422392    5.91206734100   -0.88138093400    4.81599969300
  2026-08-21T12:08:00.000000       1545.736860562      -6586.346353372       -206.969814092    5.64858707400    1.17100532000    5.06649259100
  2026-08-21T12:11:59.999999       2827.736016974      -6066.034617110       1001.618400946    4.96858296100    3.13820786400    4.94255316400
  2026-08-21T12:15:59.999999       3901.269117732      -5098.536011644       2136.145462648    3.92215093700    4.87438003400    4.45315243700
  2026-08-21T12:20:00.000000       4687.192472838      -3755.168588096       3112.734056081    2.58673740500    6.25100979600    3.63461023400
  2026-08-21T12:24:00.000000       5127.649208927      -2135.027493508       3859.237173460    1.06111038100    7.16658949500    2.54771116900
  2026-08-21T12:27:59.999999       5190.293099296       -357.569623724       4320.567109782   -0.54224177200    7.55392992800    1.27291452600
  2026-08-21T12:31:59.999999       4870.597112991       1446.229276414       4462.712739209   -2.10539830300    7.38477208400   -0.09569717500
  2026-08-21T12:36:00.000000       4192.133288667       3143.495237381       4275.194449602   -3.51354630300    6.67162475300   -1.45730292300
  2026-08-21T12:40:00.000000       3204.824644318       4609.168946538       3771.812527235   -4.66319420200    5.46669432400   -2.71159789900
  2026-08-21T12:43:59.999999       1981.333666621       5735.156125892       2989.663683536   -5.46952152800    3.85836466300   -3.76592651500
  2026-08-21T12:47:59.999999        611.777057849       6438.324075818       1986.471038213   -5.87281228800    1.96501206300   -4.54214759600
  2026-08-21T12:52:00.000000       -802.885726470       6666.722883483        836.365239036   -5.84305899500   -0.07345997000   -4.98255815200
  2026-08-21T12:56:00.000000      -2158.342702038       6403.534085012       -375.601302800   -5.38253559700   -2.10605873000   -5.05445958700
  2026-08-21T12:59:59.999999      -3354.720266245       5668.359059391      -1559.817048223   -4.52572008900   -3.98226053200   -4.75282034700
  2026-08-21T13:03:59.999999      -4304.032458882       4515.696215546      -2628.835280333   -3.33652616500   -5.56362983000   -4.10055882900
  2026-08-21T13:08:00.000000      -4936.676247658       3030.762216357      -3503.888336871   -1.90320780300   -6.73421951700   -3.14656811800
  2026-08-21T13:12:00.000000      -5206.471283083       1323.040848455      -4120.670498850   -0.33144883000   -7.40891745200   -1.96166417300
  2026-08-21T13:15:59.999999      -5093.909381993       -481.860034470      -4433.971270424    1.26355196000   -7.53920421700   -0.63314603100
  2026-08-21T13:19:59.999999      -4607.436606354      -2251.397197388      -4420.871220523    2.76540903000   -7.11608131100    0.74163376600
  2026-08-21T13:24:00.000000      -3782.765239048      -3855.672617180      -4082.340334483    4.06459507000   -6.17040491700    2.06212237000
  2026-08-21T13:28:00.000000      -2680.309883031      -5176.788272161      -3443.167167678    5.06601050100   -4.77079901000    3.23153666800
  2026-08-21T13:31:59.999999      -1380.879726034      -6117.417811892      -2550.226895406    5.69582852000   -3.01910021500    4.16371397200
  2026-08-21T13:35:59.999999         20.118957277      -6607.997417753      -1469.157151806    5.90706720200   -1.04348707500    4.78948561400
  2026-08-21T13:40:00.000000       1419.631384136      -6611.983423624       -279.603348625    5.68337940400    1.01075105200    5.06201352100
  2026-08-21T13:44:00.000000       2714.530829418      -6128.711447573        930.607120187    5.04062542300    2.99172796500    4.96046818700
  2026-08-21T13:47:59.999999       3809.313350975      -5193.609794186       2072.002598031    4.02607751100    4.75255376100    4.49210840600
  2026-08-21T13:51:59.999999       4623.252322666      -3875.600074782       3060.189157887    2.71481165400    6.16283450500    3.69169700000
  2026-08-21T13:56:00.000000       5096.406529538      -2271.912337997       3822.153030456    1.20383054000    7.11848481600    2.61866437300
  2026-08-21T14:00:00.000000       5194.017358068       -500.812180909       4301.659757073   -0.39536560700    7.54937608400    1.35249591800
  2026-08-21T14:03:59.999999       4908.988737353       1307.185027003       4463.356562485   -1.96516556100    7.42408456200   -0.01336274400
  2026-08-21T14:07:59.999999       4262.343674923       3018.886199359       4295.321240032   -3.39024980000    6.75186128500   -1.37827960200
  2026-08-21T14:12:00.000000       3301.676726214       4508.166668391       3809.924380372   -4.56584904800    5.58197646000   -2.64166714900
  2026-08-21T14:16:00.000000       2097.691078391       5665.204168790       3042.945584553   -5.40533277400    4.00023804800   -3.71022240800
  2026-08-21T14:19:59.999999        739.056248267       6404.583927452       2050.990693126   -5.84655362100    2.12303157400   -4.50478358100
  2026-08-21T14:23:59.999999       -674.080353390       6671.683327299        907.359859137   -5.85668184900    0.08902781700   -4.96630043100
  2026-08-21T14:28:00.000000      -2037.520535278       6446.825283561       -303.374072415   -5.43502141900   -1.95111011500   -5.06051040600
  2026-08-21T14:32:00.000000      -3250.791099720       5746.776530824      -1491.691002181   -4.61311914400   -3.84630130700   -4.78073471900
  2026-08-21T14:35:59.999999      -4224.638185978       4623.448385934      -2569.839956332   -3.45231222700   -5.45662449200   -4.14825138700
  2026-08-21T14:39:59.999999      -4887.641976489       3159.917953918      -3458.370909729   -2.03886856900   -6.66395523100   -3.21049733200
  2026-08-21T14:44:00.000000      -5191.397277931       1464.107391000      -4091.983129953   -0.47704191700   -7.38053809900   -2.03711567600
  2026-08-21T14:48:00.000000      -5113.900713594       -339.245184292      -4424.224493596    1.11873006300   -7.55475656100   -0.71456275400
  2026-08-21T14:51:59.999999      -4661.028663512      -2117.704568351      -4430.786139885    2.63193962800   -7.17441785400    0.66021256000
  2026-08-21T14:55:59.999999      -3866.038234629      -3740.721108381      -4111.196653612    3.95225437800   -6.26729848900    1.98667254200
  2026-08-21T15:00:00.000000      -2787.160549363      -5089.036523551      -3488.852555270    4.98309166700   -4.89917829800    3.16761243200
  2026-08-21T15:04:00.000000      -1503.461391775      -6063.334029853      -2609.386792608    5.64847940000   -3.16955741900    4.11605937000
  2026-08-21T15:08:00.000000       -109.178913202      -6591.573310793      -1537.433366305    5.89878242300   -1.20492075100    4.76162932400
  2026-08-21T15:11:59.999999       1293.124145154      -6634.444171409       -351.971723892    5.71479538300    0.85012516100    5.05598867300
  2026-08-21T15:15:59.999999       2600.137488174      -6188.437658659        859.484903281    5.10954223200    2.84374972200    4.97682586600
  2026-08-21T15:20:00.000000       3715.479884413      -5286.218457511       2007.389944477    4.12743453800    4.62822373200    4.52966382900
  2026-08-21T15:24:00.000000       4556.910264517      -3994.265986713       3006.868652425    2.84113195000    6.07136618400    3.74765385500
  2026-08-21T15:27:59.999999       5062.457049884      -2407.880204113       3784.066889022    1.34576495900    7.06666142200    2.68886684500
  2026-08-21T15:31:59.999999       5194.961952023       -644.052730223       4281.618695395   -0.24830846800    7.54095153000    1.43174285800
  2026-08-21T15:36:00.000000       4944.763964465       1167.219866700       4462.844767963   -1.82374979200    7.45964771900    0.06913632600
  2026-08-21T15:40:00.000000       4330.334331682       2892.512160947       4314.393506493   -3.26486585700    6.82886201300   -1.29858839000
  2026-08-21T15:43:59.999999       3396.893422583       4404.710393105       3847.191523785   -4.46575243700    5.69478023600   -2.57067807100
  2026-08-21T15:47:59.999999       2213.136936903       5592.312032228       3095.669375994   -5.33789767000    4.14056405500   -3.65320966400
  2026-08-21T15:52:00.000000        866.242272387       6367.657126997       2115.286355716   -5.81677103400    2.28057409100   -4.46596646100
  2026-08-21T15:56:00.000000       -544.521128699       6673.481144079        978.482887938   -5.86681589300    0.25218345100   -4.94858089400
  2026-08-21T15:59:59.999999      -1915.140671092       6487.242217497       -230.681458495   -5.48434050500   -1.79444284900   -5.06523123100
  2026-08-21T16:03:59.999999      -3144.612111662       5822.845431105      -1422.803601920   -4.69797353800   -3.70770934200   -4.80752056200
  2026-08-21T16:08:00.000000      -4142.486578252       4729.567371255      -2509.843463151   -3.56644059800   -5.34636224700   -4.19509554500
  2026-08-21T16:12:00.000000      -4835.563391322       3288.260489816      -3411.685555848   -2.17377980100   -6.59015332400   -3.27387669500
  2026-08-21T16:15:59.999999      -5173.202984598       1605.226582389      -4062.033076562   -0.62276461400   -7.34849543000   -2.11233860700
  2026-08-21T16:19:59.999999      -5130.918251620       -195.707376256      -4413.207357698    0.97282216200   -7.56678286000   -0.79614584700
  2026-08-21T16:24:00.000000      -4712.010398009      -1982.286906999      -4439.513588144    2.49655671700   -7.22964215900    0.57827195200
  2026-08-21T16:28:00.000000      -3947.246091607      -3623.367212150      -4139.030673693    3.83729789300   -6.36168691600    1.91037024400
  2026-08-21T16:31:59.999999      -2892.642453478      -4998.376692070      -3533.752321254    4.89701237600   -5.02587183000    3.10258518200
  2026-08-21T16:35:59.999999      -1625.476426170      -6006.047706363      -2668.048167520    5.59764259100   -3.31926910000    4.06711598500
  2026-08-21T16:40:00.000000       -238.756448153      -6571.895620599      -1605.534855763    5.88700555700   -1.36667057300    4.73240450900
  2026-08-21T16:44:00.000000       1165.526908453      -6653.834921718       -424.483926096    5.74296157900    0.68832842000    5.04868599400
  2026-08-21T16:47:59.999999       2483.908815478      -6245.469700915        787.921423495    5.17552594700    2.69379306700    4.99198800600
  2026-08-21T16:51:59.999999       3619.169712902      -5376.702599300       1942.071185566    4.22642104900    4.50115485800    4.56622758900
  2026-08-21T16:56:00.000000       4487.608318030      -4111.535278233       2952.637322164    2.96581841200    5.97660568700    3.80290574700
  2026-08-21T17:00:00.000000       5025.261692490      -2543.291465602       3744.938755381    1.48699237700    7.01117216100    2.75869154000
  2026-08-21T17:03:59.999999       5192.618153814       -787.622617348       4260.489279600   -0.10091340500    7.52887666500    1.51096447500
  2026-08-21T17:07:59.999999       4977.444287867       1026.080410706       4461.269825073   -1.68108169200    7.49184176600    0.15185918700
  2026-08-21T17:12:00.000000       4395.633233283       2764.201103614       4332.486255730   -3.13738268700    6.90291612000   -1.21841865000
  2026-08-21T17:16:00.000000       3490.014017846       4298.685776381       3883.626040750   -4.36282818400    5.80530870500   -2.49894756600
  2026-08-21T17:19:59.999999       2327.227416286       5516.405168095       3147.766175528   -5.26715686900    4.27946195000   -3.59523664000
  2026-08-21T17:23:59.999999        992.898045882       6327.480209472       2179.200688131   -5.78345504200    2.43757812100   -4.42607724000
  2026-08-21T17:28:00.000000       -414.635062347       6672.004567269       1049.489421755   -5.87337507500    0.41568065500   -4.92973684000
  2026-08-21T17:32:00.000000      -1791.593098670       6524.575359624       -157.834220176   -5.53027385500   -1.63653461000   -5.06883060800
  2026-08-21T17:35:59.999999      -3036.501175023       5896.226513854      -1353.502111952   -4.77986976800   -3.56708349900   -4.83327427000
  2026-08-21T17:39:59.999999      -4057.759116087       4833.569120343      -2449.200546041   -3.67819229800   -5.23339045600   -4.24104297200
  2026-08-21T17:44:00.000000      -4780.429128138       3415.206541652      -3364.163313232   -2.30711461700   -6.51309140300   -3.33658875200
  2026-08-21T17:48:00.000000      -5151.689356358       1745.765926130      -4031.117848593   -0.76786679500   -7.31297966400   -2.18715478900
  2026-08-21T17:51:59.999999      -5144.573656440        -51.915412419      -4401.149323918    0.82664938900   -7.57531831200   -0.87749965800
  2026-08-21T17:55:59.999999      -4759.807893788      -1845.789002239      -4447.175269012    2.35995400600   -7.28153070400    0.49629567500
  2026-08-21T18:00:00.000000      -4025.666573533      -3504.179450603      -4165.838360652    3.72028423600   -6.45315718000    1.83378300800
  2026-08-21T18:04:00.000000      -2995.920617586      -4905.246584868      -3577.727082656    4.80815615700   -5.15022997400    3.03699409000
  2026-08-21T18:08:00.000000      -1746.021084781      -5945.825363344      -2725.949752437    5.54350654600   -3.46744838200    4.01737556300
  2026-08-21T18:11:59.999999       -367.698311382      -6549.015253480      -1673.087834316    5.87159431800   -1.52775588400    4.70221533900
  2026-08-21T18:15:59.999999       1037.679343383      -6669.984058498       -496.696282907    5.76744635900    0.52618342100    5.04029370700
  2026-08-21T18:20:00.000000       2366.575796192      -6299.455551258        716.391015715    5.23812148300    2.54259436700    5.00603137600
  2026-08-21T18:24:00.000000       3520.992882014      -5464.530420048       1876.513473934    4.32246119600    4.37207373800    4.60163431200
  2026-08-21T18:27:59.999999       4415.806919107      -4226.721738572       2897.892889375    3.08821443800    5.87910558800    3.85705575100
  2026-08-21T18:31:59.999999       4985.111902754      -2677.343416268       3705.052456607    1.62671971500    6.95243461900    2.82758520000
  2026-08-21T18:36:00.000000       5187.064628026       -930.665072707       4238.402896706    0.04590307300    7.51315805400    1.58950108700
  2026-08-21T18:40:00.000000       5006.902766083        884.583524912       4458.620929094   -1.53794394300    7.52037203900    0.23429066700
  2026-08-21T18:43:59.999999       4457.935216950       2634.685570130       4349.472717500   -3.00851993100    6.97360172100   -1.13824390100
  2026-08-21T18:47:59.999999       3580.568554545       4190.695750921       3918.988214468   -4.25770074700    5.91289809300   -2.42693081300
  2026-08-21T18:52:00.000000       2439.370317494       5437.900688191       3198.896462105   -5.19350443800    4.41607821700   -3.53666793000
  2026-08-21T18:56:00.000000       1118.365835832       6284.260266908       2242.326811985   -5.74675946300    2.59317152100   -4.38530640600
  2026-08-21T18:59:59.999999       -285.097447874       6667.259498029       1119.945892043   -5.87636414600    0.57871599900   -4.90980156500
  2026-08-21T19:03:59.999999      -1667.540043667       6558.642924511        -85.257090802   -5.57269708600   -1.47814255000   -5.07119909200
  2026-08-21T19:08:00.000000      -2927.069815432       5966.571851597      -1284.164405846   -4.85853351200   -3.42502975800   -4.85772945100
  2026-08-21T19:12:00.000000      -3970.995900444       4934.985675538      -2388.214688485   -3.78725089700   -5.11811136100   -4.28574715400
  2026-08-21T19:15:59.999999      -4722.698399816       3540.207278556      -3316.016377151   -2.43848847900   -6.43303271000   -3.39820293400
  2026-08-21T19:19:59.999999      -5127.209370917       1885.145775933      -3999.340759185   -0.91187620600   -7.27394132800   -2.26111454600
  2026-08-21T19:24:00.000000      -5155.122238436         91.599383303      -4388.068095833    0.68055038800   -7.58011833800   -0.95837969700
  2026-08-21T19:28:00.000000      -4804.594786075      -1708.682443834      -4453.740774115    2.22248218100   -7.32978110200    0.41446623700
  2026-08-21T19:31:59.999999      -4101.400683276      -3383.540112456      -4191.558098884    3.60143586700   -6.54129782800    1.75696222800
  2026-08-21T19:35:59.999999      -3097.053391623      -4809.937826691      -3620.715794939    4.71666852400   -5.27188830900    2.97079967100
  2026-08-21T19:40:00.000000      -1865.127878985      -5882.868390101      -2783.052400961    5.48614162100   -3.61373664800    3.96668662900
  2026-08-21T19:44:00.000000       -496.022715372      -6523.066630560      -1740.102899502    5.85263712100   -1.68796369600    4.67082368700
  2026-08-21T19:47:59.999999        909.590159063      -6682.977525408       -568.677448967    5.78835154900    0.36388817800    5.03055570400
  2026-08-21T19:51:59.999999       2248.163803675      -6350.447908702        644.760586161    5.29736942100    2.39019898400    5.01868301500
  2026-08-21T19:56:00.000000       3420.993749244      -5549.767719485       1810.529762066    4.41570071500    4.24087075600    4.63574608600
  2026-08-21T20:00:00.000000       4341.594724773      -4339.912740235       2842.430916865    3.20852507600    5.77879717100    3.91007344600
  2026-08-21T20:03:59.999999       4942.149117549      -2810.139726050       3664.204924369    1.76520799300    6.89036471400    2.89559743100
  2026-08-21T20:07:59.999999       5178.507599732      -1073.284248283       4215.185503449    0.19235276300    7.49387859000    1.66749142100
  2026-08-21T20:12:00.000000       5033.377231494        742.639868467       4454.748313333   -1.39424858100    7.54524905500    0.31652490800
  2026-08-21T20:16:00.000000       4517.506188716       2503.868534866       4365.245773392   -2.87812593000    7.04089516500   -1.05778033500
  2026-08-21T20:19:59.999999       3668.853462109       4080.659844621       3953.255524250   -4.15029853400    6.01769400200   -2.35424312700
  2026-08-21T20:23:59.999999       2549.860523241       5356.761672313       3249.127224013   -5.11700188800    4.55060346000   -3.47715418800
  2026-08-21T20:28:00.000000       1242.921609812       6238.002106093       2304.807697159   -5.70677620700    2.74752367900   -4.34337146700
  2026-08-21T20:32:00.000000       -155.653748507       6659.296012068       1190.055138989   -5.87587036500    0.74150311900   -4.88856217800
  2026-08-21T20:35:59.999999      -1542.750770389       6589.556316534        -12.706902970   -5.61173038700   -1.31896862300   -5.07221871100
  2026-08-21T20:39:59.999999      -2816.127888281       6034.066565107      -1214.537546487   -4.93417156800   -3.28125649400   -4.88091689700
  2026-08-21T20:44:00.000000      -3882.058573148       5034.060367782      -2326.651119603   -3.89383782100   -5.00033840300   -4.32932584100
  2026-08-21T20:48:00.000000      -4662.284493311       3663.544259934      -3267.045416843   -2.56812575400   -6.34986130000   -3.45891169900
  2026-08-21T20:51:59.999999      -5099.732425031       2023.657575062      -3966.556414209   -1.05501862100   -7.23141087800   -2.33445191500
  2026-08-21T20:55:59.999999      -5162.576485247        235.106462564      -4373.866866441    0.53438582000   -7.58127328900   -1.03895014200
  2026-08-21T21:00:00.000000      -4846.421196170      -1570.715310790      -4459.158540396    2.08397095800   -7.37451489300    0.33254627400
  2026-08-21T21:04:00.000000      -4174.524656936      -3261.244044592      -4216.195835792    3.48074347400   -6.62635512300    1.67971190000
  2026-08-21T21:08:00.000000      -3196.106771266      -4712.296942857      -3662.758224157    4.62260086100   -5.39103070000    2.90389911800
  2026-08-21T21:11:59.999999      -1982.849012584      -5817.068266479      -2839.409145985    5.42561871900   -3.75831180600    3.91503886200
  2026-08-21T21:15:59.999999       -623.763287335      -6493.972335107      -1806.628637159    5.83019353900   -1.84738470900    4.63826273000
  2026-08-21T21:20:00.000000        781.234918259      -6692.756578849       -640.466075304    5.80571872300    0.20137934500    5.01954521200
  2026-08-21T21:24:00.000000       2128.659825354      -6398.390449362        573.016390822    5.35330069200    2.23665785100    5.03005489200
  2026-08-21T21:27:59.999999       3319.153229154      -5632.336393676       1744.131447355    4.50605301200    4.10764760500    4.66864497900
  2026-08-21T21:31:59.999999       4264.923960763      -4451.013360036       2786.283759139    3.32662014600    5.67573144300    3.96206836400
  2026-08-21T21:36:00.000000       4896.293260541      -2941.570698982       3622.451728908    1.90231453400    6.82505903200    2.96281055700
  2026-08-21T21:40:00.000000       5166.830623157      -1215.348205502       4190.901911946    0.33830612400    7.47109947800    1.74494919300
  2026-08-21T21:43:59.999999       5056.719431705        600.406947879       4449.715843341   -1.25017642800    7.56662124100    0.39849835000
  2026-08-21T21:47:59.999999       4574.138423329       2371.933378242       4379.826118823   -2.74647455700    7.10480817400   -0.97731050200
  2026-08-21T21:52:00.000000       3754.615350455       3968.734854636       3986.376669214   -4.04071491800    6.11952503200   -2.28116119800
  2026-08-21T21:56:00.000000       2658.436218731       5273.108552302       3298.352142880   -5.03766130000    4.68290245100   -3.41687943800
  2026-08-21T21:59:59.999999       1366.295682890       6188.793471395       2366.500577902   -5.66355845800    2.90047787900   -4.30039447800
  2026-08-21T22:03:59.999999        -26.586453920       6648.152713316       1259.652997739   -5.87193209700    0.90379437500   -4.86607494600
  2026-08-21T22:08:00.000000      -1417.506559728       6617.284496280         59.645967867   -5.64732657700   -1.15934466800   -5.07189072600
  2026-08-21T22:12:00.000000      -2703.931783758       6098.596829482      -1144.782143344   -5.00662337500   -3.13609664700   -4.90274836800
  2026-08-21T22:15:59.999999      -3791.157670379       5130.604356213      -2264.645131874   -3.99773002600   -4.88036088600   -4.37165227600
  2026-08-21T22:19:59.999999      -4599.338227592       3784.962749403      -3217.349916296   -2.69575065300   -6.26381833400   -3.51853446800
  2026-08-21T22:24:00.000000      -5069.337551207       2161.003237688      -3932.813956665   -1.19698375600   -7.18553664700   -2.40694887800
  2026-08-21T22:28:00.000000      -5166.938616898        378.280554374      -4358.541591543    0.38848868000   -7.57886010300   -1.11898264700
  2026-08-21T22:31:59.999999      -4885.201256265      -1432.223411593      -4463.362010289    1.94480978800   -7.41569550600    0.25083808500
  2026-08-21T22:35:59.999999      -4244.869833415      -3137.594994330      -4239.612099289    3.35847881100   -6.70811869400    1.60229367000
  2026-08-21T22:40:00.000000      -3292.852245137      -4612.575475953      -3703.667643530    4.52622780300   -5.50744436000    2.83644464100
  2026-08-21T22:44:00.000000      -2098.882341426      -5748.611126321      -2894.799894844    5.36224307200   -3.90081965000    3.86256843900
  2026-08-21T22:47:59.999999       -750.556202800      -6461.818231046      -1872.414888048    5.80446336900   -2.00554212900    4.60463540400
  2026-08-21T22:51:59.999999        653.008743060      -6699.284313438       -711.798034162    5.81959734200    0.03918043900    5.00725439700
  2026-08-21T22:56:00.000000       2008.451202634      -6443.130468346        501.406325466    5.40582756900    2.08240481300    5.04004649000
  2026-08-21T23:00:00.000000       3215.829788722      -5711.989285336       1677.536822023    4.59336036200    3.97277135700    4.70018979200
  2026-08-21T23:03:59.999999       4186.103603406      -4559.694801409       2729.626092107    3.44223509400    5.57019163600    4.01281331100
  2026-08-21T23:07:59.999999       4847.779734857      -3071.259920521       3579.913445538    2.03769210700    6.75661569700    3.02899840500
  2026-08-21T23:12:00.000000       5152.192600271      -1356.480287301       4165.621893959    0.48347250100    7.44478006200    1.82169355600
  2026-08-21T23:16:00.000000       5077.023197765        458.237244907       4443.555771519   -1.10595465300    7.58432932900    0.48009281200
  2026-08-21T23:19:59.999999       4627.881169780       2239.194362617       4393.233340200   -2.61375675700    7.16520042200   -0.89685118900
  2026-08-21T23:23:59.999999       3837.842461049       3855.197631030       4018.362373146   -3.92923937300    6.21816916500   -2.20776234700
  2026-08-21T23:28:00.000000       2765.030970837       5187.139042183       3346.556940131   -4.95561598300    4.81258083300   -3.35594631100
  2026-08-21T23:32:00.000000       1488.413598787       6136.742735262       2427.373242518   -5.61706331600    3.05170989800   -4.25642649800
  2026-08-21T23:35:59.999999        102.044016484       6633.874837568       1328.695640061   -5.86448782700    1.06535929000   -4.84238677200
  2026-08-21T23:39:59.999999      -1291.856201589       6641.821763776        131.750328366   -5.67945010900   -0.99946457600   -5.07022207800
  2026-08-21T23:44:00.000000      -2590.525789852       6160.110365731      -1074.943995036   -5.07589073500   -2.98975371100   -4.92317165200
  2026-08-21T23:48:00.000000      -3698.340811486       5224.524480214      -2202.217186702   -4.09897179100   -4.75831623400   -4.41259841800
  2026-08-21T23:51:59.999999      -4533.925266202       3904.336317900      -3166.920114405   -2.82144095800   -6.17504670400   -3.57693286600
  2026-08-21T23:55:59.999999      -5036.104502183       2297.018203291      -3898.067778710   -1.33780180300   -7.13646624500   -2.47843819100
  2026-08-22T00:00:00.000000      -5168.289451978        520.928648275      -4342.004560735    0.24287879100   -7.57298002900   -1.19830169700
  2026-08-22T00:04:00.000000      -4921.008061461      -1293.414541329      -4466.223678740    1.80504681700   -7.45337346100    0.16949206300
  2026-08-22T00:08:00.000000      -4312.487630840      -3012.810022397      -4261.644560884    3.23477394500   -6.78658279200    1.52486126500
  2026-08-22T00:11:59.999999      -3387.311726258      -4510.971330819      -3743.242554568    4.42762673200   -5.62097259100    2.76858810600
  2026-08-22T00:15:59.999999      -2213.247280496      -5677.658220069      -2949.005624648    5.29600368000   -4.04115977400    3.80925559000
  2026-08-22T00:20:00.000000       -876.412521663      -6426.751378417      -1937.260659574    5.77554923500   -2.16239975300    4.56984819300
  2026-08-22T00:24:00.000000        524.932852241      -6702.690151160       -782.494552286    5.83011386100   -0.12259836800    4.99357537200
  2026-08-22T00:27:59.999999       1887.583619485      -6484.768539655        430.076112107    5.45502158500    1.92754453200    5.04848057200
  2026-08-22T00:31:59.999999       3111.082913302      -5788.812556236       1610.842212324    4.67768233700    3.83624505600    4.73015393100
  2026-08-22T00:36:00.000000       4105.213298337      -4666.053031316       2672.502647694    3.55548479600    5.46213227400    4.06211359100
  2026-08-22T00:40:00.000000       4796.720398435      -3199.312188238       3536.589693348    2.17149007900    6.68500374300    3.09397773300
  2026-08-22T00:43:59.999999       5134.735383101      -1496.789978200       4139.303447706    0.62796320900    7.41487244400    1.89754563400
  2026-08-22T00:47:59.999999       5094.467836892        316.005898810       4436.197004370   -0.96140004800    7.59833045100    0.56126639700
  2026-08-22T00:52:00.000000       4678.953864882       2105.523356779       4405.393405845   -2.47980842000    7.22209542400   -0.81638350600
  2026-08-22T00:56:00.000000       3918.794557706       3739.938602803       4049.153672866   -3.81572766300    6.31376398700   -2.13391970100
  2026-08-22T00:59:59.999999       2869.917820552       5098.793998344       3393.725047538   -4.87091037200    4.93988893700   -3.29416344400
  2026-08-22T01:03:59.999999       1609.520281840       6081.839741100       2487.454383898   -5.56744080200    3.20136404500   -4.21127098000
  2026-08-22T01:08:00.000000        230.452639124       6616.482888575       1397.268977595   -5.85366030700    1.22636735600   -4.81722836800
  2026-08-22T01:12:00.000000      -1165.621931480       6663.243011639        203.751424256   -5.70827983500   -0.83905755000   -5.06699400600
  2026-08-22T01:15:59.999999      -2475.780696620       6218.755416362      -1004.837299961   -5.14219514600   -2.84188279900   -4.94207253600
  2026-08-22T01:19:59.999999      -3603.536251146       5316.049024365      -2139.174567609   -4.19780195500   -4.63389137100   -4.45219361000
  2026-08-22T01:24:00.000000      -4466.028537462       4021.973753331      -3115.579765448   -2.94545034000   -6.08320318300   -3.63425004400
  2026-08-22T01:28:00.000000      -5000.089628271       2432.091003605      -3862.196013462   -1.47783109500   -7.08389680400   -2.54922156300
  2026-08-22T01:31:59.999999      -5166.780300863        663.493712899      -4324.220077276    0.09713395600   -7.56347416400   -1.27730986700
  2026-08-22T01:35:59.999999      -4954.096278019      -1153.827835074      -4467.812075921    1.66424654800   -7.48754656200    0.08804754500
  2026-08-22T01:40:00.000000      -4377.738271398      -2886.445929467      -4282.477460606    3.10919689500   -6.86192517300    1.44691551500
  2026-08-22T01:44:00.000000      -3479.939634100      -4407.110209971      -3781.788506867    4.32646568200   -5.73201121000    2.69983230500
  2026-08-22T01:47:59.999999      -2326.457775478      -5603.945524985      -3002.435513455    5.22670277500   -4.17981702200    3.75474596400
  2026-08-22T01:51:59.999999      -1001.893349343      -6388.632905472      -2001.647501554    5.74323914500   -2.31854279600    4.53361727800
  2026-08-22T01:56:00.000000        396.413071568      -6703.012302850       -853.097097190    5.83728257700   -0.28480376900    4.97834889400
  2026-08-22T02:00:00.000000       1765.506173309      -6523.539460998        358.475756820    5.50119650100    1.77134920400    5.05544418900
  2026-08-22T02:03:59.999999       3004.447612909      -5863.184874695       1543.537380612    4.75939556400    3.69757599900    4.75875586700
  2026-08-22T02:07:59.999999       4021.881889278      -4770.569697267       2614.465917720    3.66678669400    5.35116618900    4.11028196700
  2026-08-22T02:12:00.000000       4742.852329400      -3326.284627655       3492.120872975    2.30418883400    6.61000647400    3.15817248300
  2026-08-22T02:16:00.000000       5114.310979523      -1636.860793513       4111.699018226    0.77223474400    7.38138776000    1.97301487500
  2026-08-22T02:19:59.999999       5108.999397500        173.158152793       4427.505593640   -0.81616916500    7.60881164800    0.64242444800
  2026-08-22T02:23:59.999999       4727.382776042       1970.422261285       4416.266830711   -2.34431490400    7.27578093300   -0.73550650800
  2026-08-22T02:28:00.000000       3997.558751200       3622.544324837       4078.803987904   -3.69999910800    6.40671838800   -2.05930119700
  2026-08-22T02:32:00.000000       2973.214485956       5007.760771738       3439.972060561   -4.78346073800    5.06525506500   -3.23133819500
  2026-08-22T02:35:59.999999       1729.742557697       6023.879966669       2546.884155411   -5.51470962100    3.34989664300   -4.16491804100
  2026-08-22T02:39:59.999999        358.750309808       6595.868063860       1465.493491362   -5.83951758100    1.38712498600   -4.79074285600
  2026-08-22T02:44:00.000000      -1038.697182387       6681.500539939        275.737718682   -5.73380673600   -0.67788014800   -5.06233471000
  2026-08-22T02:48:00.000000      -2359.587896747       6274.547544459       -934.408504474   -5.20554705100   -2.69223063400   -4.95963677900
  2026-08-22T02:51:59.999999      -3506.639418969       5405.249946843      -2075.510490682   -4.29423629500   -4.50684675900   -4.49063890100
  2026-08-22T02:55:59.999999      -4395.550720900       4137.999815056      -3063.375892186   -3.06780924300   -5.98808043000   -3.69071056900
  2026-08-22T03:00:00.000000      -4961.204142801       2566.396204361      -3825.297569576   -1.61711832500   -7.02762799900   -2.61951612600
  2026-08-22T03:04:00.000000      -5162.340666463        806.203198584      -4305.342810714   -0.04886822900   -7.55013645900   -1.35627259900
  2026-08-22T03:08:00.000000      -4984.436208885      -1013.199395755      -4468.351947420    1.52219974900   -7.51811218900    0.00619990800
  2026-08-22T03:11:59.999999      -4440.649646518      -2758.229280768      -4302.406732015    2.98147804000   -6.93416310700    1.36817421100
  2026-08-22T03:15:59.999999      -3570.834434269      -4300.737654983      -3819.663440805    4.22242707600   -5.84070354700    2.62994502800
  2026-08-22T03:20:00.000000      -2438.692619594      -5527.269645462      -3055.498918305    5.15401922900   -4.31709359900    3.69885003400
  2026-08-22T03:24:00.000000      -1127.239944463      -6347.350867964      -2066.017415226    5.70734728700   -2.47439640800    4.49588691300
  2026-08-22T03:27:59.999999        267.170026971      -6700.225164764       -924.041631142    5.84091570300   -0.44775264100    4.96163814700
  2026-08-22T03:31:59.999999       1641.887504385      -6559.510161921        286.187804379    5.54416347300    1.61331473000    5.06104455100
  2026-08-22T03:36:00.000000       2895.581243657      -5935.307929312       1475.254881667    4.83859864500    3.55624536500    4.78633050200
  2026-08-22T03:40:00.000000       3935.803441362      -4873.535966010       2555.242423787    3.77629011400    5.23704381000    4.15771663100
  2026-08-22T03:43:59.999999       4685.902125168      -3452.518031858       3446.328256234    2.43593045600    6.53143970400    3.22197548500
  2026-08-22T03:47:59.999999       5090.692165986      -1777.068776169       4082.723557253    0.91653233900    7.34423790800    2.04847980800
  2026-08-22T03:52:00.000000       5120.451728052         29.314411141       4417.484517298   -0.67002946000    7.61584807500    0.72392795600
  2026-08-22T03:56:00.000000       4773.046386675       1833.544676701       4425.929514981   -2.20711546600    7.32642825600   -0.65399509600
  2026-08-22T03:59:59.999999       4074.057906036       3502.711934357       4107.424405015   -3.58182237600    6.49723480700   -1.98380579700
  2026-08-22T04:03:59.999999       3074.904039080       4913.796774232       3485.425615449   -4.69301572000    5.18897499200   -3.16743454800
  2026-08-22T04:08:00.000000       1849.119996455       5962.699515007       2605.798056106   -5.45867684500    3.49767423100   -4.11735476900
  2026-08-22T04:12:00.000000        487.006778994       6571.956864007       1533.493579047   -5.82200305800    1.54798888800   -4.76305048600
  2026-08-22T04:15:59.999999       -911.011582215       6696.581431623        347.783762505   -5.75602335500   -0.51581552900   -5.05651007800
  2026-08-22T04:19:59.999999      -2241.858919469       6327.477382548       -863.647081127   -5.26579185400   -2.54083043700   -4.97611080000
  2026-08-22T04:24:00.000000      -3407.513816779       5492.107994294      -2011.274177170   -4.38805762400   -4.37726922500   -4.52819842500
  2026-08-22T04:28:00.000000      -4322.298106515       4252.364734661      -3010.414392346   -3.18825924600   -5.88983195300   -3.74651555200
  2026-08-22T04:31:59.999999      -4919.184010816       2699.839280697      -3787.515033309   -1.75533552400   -6.96784706800   -2.68941550400
  2026-08-22T04:35:59.999999      -5154.623973913        948.917350309      -4285.522724184   -0.19476135700   -7.53313790300   -1.43514416400
  2026-08-22T04:40:00.000000      -5011.590382703       -871.695341693      -4467.963828683    1.37927905300   -7.54513302800   -0.07586738800
  2026-08-22T04:44:00.000000      -4500.698792303      -2628.330790543      -4321.498369277    2.85196105300   -7.00327343700    1.28891262200
  2026-08-22T04:47:59.999999      -3659.395395126      -4192.004753693      -3856.851910718    4.11580476900   -5.94689188500    2.55932766100
  2026-08-22T04:51:59.999999      -2549.291323199      -5447.723502934      -3108.071231785    5.07813840400   -4.45264944600    3.64206506500
  2026-08-22T04:56:00.000000      -1251.771382907      -6302.892044666      -2130.124588926    5.66785252400   -2.62944174800    4.45715306900
  2026-08-22T05:00:00.000000        137.854947322      -6694.188503865       -994.970283684    5.84080991500   -0.61090788700    4.94389367100
  2026-08-22T05:03:59.999999       1517.312224382      -6592.396809285        213.672567331    5.58352606200    1.45412447000    5.06564711900
  2026-08-22T05:07:59.999999       2784.932034399      -6004.739515782       1406.510101570    4.91458427000    3.41279067900    4.81296752300
  2026-08-22T05:12:00.000000       3847.253911098      -4974.422035242       2495.358782084    3.88331903800    5.12003124600    4.20445780400
  2026-08-22T05:16:00.000000       4625.985598917      -3577.419685155       3399.734939314    2.56602170600    6.44955294200    3.28528896000
  2026-08-22T05:19:59.999999       5063.814902296      -1916.781890494       4052.853405106    1.06006717500    7.30344041600    2.12366791100
  2026-08-22T05:23:59.999999       5128.588177201       -114.927780021       4406.540477140   -0.52358369100    7.61915749000    0.80548435700
  2026-08-22T05:28:00.000000       4815.592376738       1695.405226221       4434.718972411   -2.06860364900    7.37365279300   -0.57213811100
  2026-08-22T05:32:00.000000       4147.860098668       3380.852429730       4135.285497906   -3.46147055500    6.58483313200   -1.90771736700
  2026-08-22T05:35:59.999999       3174.506736522       4817.186491673       3530.285055572   -4.59969290800    5.31046844200   -3.10274676700
  2026-08-22T05:39:59.999999       1967.168042276       5898.439035185       2664.327082934   -5.39924599600    3.64409637300   -4.06884227100
  2026-08-22T05:44:00.000000        614.783583908       6544.759216167       1601.352328029   -5.80086206400    1.70850066800   -4.73429797400
  2026-08-22T05:48:00.000000       -782.937389341       6708.410914293        419.945059349   -5.77469561500   -0.35312652300   -5.04962395500
  2026-08-22T05:51:59.999999      -2122.927990573       6377.406362618       -792.518826510   -5.32282248600   -2.38798625300   -4.99153516300
  2026-08-22T05:55:59.999999      -3306.469821156       5576.400186404      -1946.421783751   -4.47914948800   -4.24551849200   -4.56474669700
  2026-08-22T06:00:00.000000      -4246.545691333       4364.761170901      -2956.609385733   -3.30661484200   -5.78881296600   -3.80145104500
  2026-08-22T06:04:00.000000      -4874.248214937       2832.034705894      -3748.704170456   -1.89219765900   -6.90487608400   -2.75865706100
  2026-08-22T06:08:00.000000      -5143.760428213       1091.179505135      -4264.544811692   -0.34009500000   -7.51271114700   -1.51359361600
  2026-08-22T06:11:59.999999      -5035.566359890       -729.810136041      -4466.350490697    1.23605792100   -7.56868051600   -0.15780556600
  2026-08-22T06:15:59.999999      -4557.743683829      -2497.235028608      -4339.370596022    2.72129389200   -7.06909079100    1.20946995700
  2026-08-22T06:20:00.000000      -3745.326376893      -4081.329615638      -3892.904037114    4.00724263200   -6.05021960600    2.48820942000
  2026-08-22T06:24:00.000000      -2657.802772877      -5365.620427786      -3159.657074337    4.99969237700   -4.58594919700    3.58454055300
  2026-08-22T06:27:59.999999      -1374.893222432      -6255.416448238      -2193.447102365    5.62529921700   -2.78293242700    4.41747593400
  2026-08-22T06:31:59.999999          9.174160987      -6684.859873180      -1065.365367971    5.83733903900   -0.77334780900    4.92500659700
  2026-08-22T06:36:00.000000       1392.549621533      -6621.930328870        141.401115815    5.61945579900    1.29473057300    5.06900617000
  2026-08-22T06:40:00.000000       2673.284084672      -6070.972729110       1337.707685690    4.98725719300    3.26824662000    4.83833171900
  2026-08-22T06:43:59.999999       3756.944794922      -5072.483988055       2435.112265089    3.98737688600    5.00097338000    4.24995578800
  2026-08-22T06:47:59.999999       4563.672922177      -3700.090815142       3352.503189631    2.69381830000    6.36481493000    3.34756834200
  2026-08-22T06:52:00.000000       5034.088965970      -2055.016658055       4022.127438184    1.20214248400    7.25928058000    2.19807397200
  2026-08-22T06:56:00.000000       5133.632757042       -258.540950381       4394.580672097   -0.37768904400    7.61875714100    0.88649725600
  2026-08-22T06:59:59.999999       4855.039086309       1556.981594134       4442.405888185   -1.92957991200    7.41704603000   -0.49042886200
  2026-08-22T07:03:59.999999       4218.811725695       3257.820547951       4162.062823824   -3.33959351500    6.66891353900   -1.83133874000
  2026-08-22T07:08:00.000000       3271.731806285       4718.620187776       3574.179129082   -4.50397993800    5.42901306800   -3.03737044300
  2026-08-22T07:12:00.000000       2083.494347100       5831.607088487       2722.094988827   -5.33676151200    3.78836128200   -4.01931966800
  2026-08-22T07:15:59.999999        741.630115306       6514.587472992       1668.720825369   -5.77621788700    1.86783500800   -4.70431313800
  2026-08-22T07:19:59.999999       -654.926346462       6717.112173424        491.926621831   -5.78969468800   -0.19053501600   -5.04140483400
  2026-08-22T07:24:00.000000      -2003.188870260       6424.314551420       -721.249735519   -5.37632428700   -2.23416412100   -5.00565289100
  2026-08-22T07:28:00.000000      -3203.817673597       5658.026356244      -1881.127603076   -4.56714542700   -4.11180266700   -4.60009813600
  2026-08-22T07:31:59.999999      -4168.523183284       4475.065205168      -2902.097952627   -3.42258549300   -5.68501540500   -3.85538748100
  2026-08-22T07:35:59.999999      -4826.573639644       2962.875737994      -3708.977852748   -2.02755858000   -6.83858192200   -2.82716310900
  2026-08-22T07:40:00.000000      -5129.910857904       1232.921948683      -4242.509159445   -0.48486938200   -7.48870316600   -1.59159861500
  2026-08-22T07:44:00.000000      -5056.532701348       -587.578073058      -4463.609001563    1.09247618800   -7.58861994800   -0.23960350900
  2026-08-22T07:47:59.999999      -4611.975030277      -2364.945442952      -4356.121755804    2.58936090900   -7.13149601300    1.12981730600
  2026-08-22T07:51:59.999999      -3828.847214643      -3968.692880773      -3927.930519827    3.89660350300   -6.15060199500    2.41651356300
  2026-08-22T07:56:00.000000      -2764.488206307      -5280.928443273      -3210.395818024    4.91848971900   -4.71701524100    3.52611723000
  2026-08-22T08:00:00.000000      -1496.906485598      -6204.922817549      -2256.167937264    5.57957682300   -2.93508761900    4.37667717300
  2026-08-22T08:03:59.999999       -119.184593872      -6672.298903064      -1135.443582586    5.83050250400   -0.93534102800    4.90486423700
  2026-08-22T08:07:59.999999       1267.297551391      -6648.240593250         69.132456956    5.65203656000    1.13480072400    5.07102359300
  2026-08-22T08:12:00.000000       2560.374118563      -6134.226979892       1268.589358283    5.05688923400    3.12223204200    4.86240457400
  2026-08-22T08:16:00.000000       3664.700809964      -5168.013303207       2374.254198292    4.08888436600    4.87969715600    4.29428445400
  2026-08-22T08:19:59.999999       4498.883054976      -3820.842827636       3304.396985862    2.81967541700    6.27718528500    3.40884133200
  2026-08-22T08:23:59.999999       5001.516132168      -2192.092664061       3990.320166012    1.34310271400    7.21173375200    2.27178912000
  2026-08-22T08:28:00.000000       5135.666455553       -401.834679999       4381.418661860   -0.23204709300    7.61479739300    0.96718887300
  2026-08-22T08:32:00.000000       4891.519505746       1418.023172094       4448.852171454   -1.78992869100    7.45690668900   -0.40872991200
  2026-08-22T08:35:59.999999       4287.057659719       3133.425859772       4187.636595586   -3.21616071900    6.74967384900   -1.75461348900
  2026-08-22T08:39:59.999999       3366.728858910       4617.959279839       3617.001485119   -4.40588860300    5.54482428500   -2.97125967300
  2026-08-22T08:44:00.000000       2198.239770342       5762.113708362       2779.008498371   -5.27130508400    3.93067218600   -3.96873334900
  2026-08-22T08:48:00.000000        867.657969860       6481.392002323       1735.521948457   -5.74824204200    2.02612987500   -4.67302167900
  2026-08-22T08:51:59.999999       -526.919484420       6722.660247107        563.673575576   -5.80127069400   -0.02797805300   -5.03172973600
  2026-08-22T08:55:59.999999      -1882.645818854       6468.178984858       -649.861123025   -5.42655181500   -2.07940219500   -5.01828874100
  2026-08-22T09:00:00.000000      -3099.618784561       5736.946379810      -1815.367884850   -4.65226725000   -3.97624893100   -4.63407160500
  2026-08-22T09:04:00.000000      -4088.327208998       4583.197976718      -2846.810045816   -3.53624541500   -5.57862348100   -3.90813759600
  2026-08-22T09:08:00.000000      -4776.257793098       3092.241956204      -3668.223055942   -2.16136246100   -6.76910084300   -2.89477076700
  2026-08-22T09:11:59.999999      -5113.151325587       1373.998743399      -4219.273002736   -0.62897415200   -7.46118416900   -1.66907228900
  2026-08-22T09:15:59.999999      -5074.540311919       -445.159706181      -4459.584154970    0.94863975300   -7.60501984200   -0.32123555300
  2026-08-22T09:20:00.000000      -4663.411573410      -2231.637993447      -4371.589156014    2.45633299000   -7.19054942900    1.05000772700
  2026-08-22T09:24:00.000000      -3909.930214674      -3854.273190421      -3961.749203878    3.78408732500   -6.24798324000    2.34432643100
  2026-08-22T09:27:59.999999      -2869.271519286      -5193.801580389      -3260.088580499    4.83472841500   -4.84569226900    3.46684255300
  2026-08-22T09:31:59.999999      -1617.694227438      -6151.514575394      -2318.083172705    5.53080265800   -3.08566400100    4.33474190200
  2026-08-22T09:36:00.000000       -247.087979503      -6656.558719228      -1205.012270048    5.82035983500   -1.09671610800    4.88343200300
  2026-08-22T09:40:00.000000       1141.701992131      -6671.331815234         -2.944304267    5.68128496100    0.97458238800    5.07167429200
  2026-08-22T09:43:59.999999       2446.338076743      -6194.445566088       1199.329584108    5.12337745200    2.97497115300    4.88508526200
  2026-08-22T09:47:59.999999       3570.628231825      -5260.916658152       2312.929485018    4.18773055900    4.75627777300    4.33731659100
  2026-08-22T09:52:00.000000       4431.705990064      -3939.571318658       3255.534796523    2.94356767400    6.18672725300    3.46901520400
  2026-08-22T09:56:00.000000       4966.177501022      -2327.885744825       3957.520999067    1.48288837000    7.16084570800    2.34464237900
  2026-08-22T09:59:59.999999       5134.765997037       -544.692152827       4367.099952194   -0.08661599700    7.60718882200    1.04739669100
  2026-08-22T10:03:59.999999       4925.125933075       1278.626464879       4454.077018399   -1.64958418000    7.49316997000   -0.32708827600
  2026-08-22T10:08:00.000000       4352.699092246       3007.758161540       4212.023023417   -3.09118726500    6.82712472000   -1.67756636100
  2026-08-22T10:12:00.000000       3459.587556762       4515.284150094       3658.753530553   -4.30544232000    5.65780009000   -2.90447956600
  2026-08-22T10:15:59.999999       2311.498604480       5690.017268661       2835.054551983   -5.20281357100    4.07094864300   -3.91713786700
  2026-08-22T10:19:59.999999        992.980526728       6445.221363741       1801.732623504   -5.71683976900    2.18338176700   -4.64044619500
  2026-08-22T10:24:00.000000       -398.775002812       6725.111986082        635.159715543   -5.80931360700    0.13462150200   -5.02062856700
  2026-08-22T10:28:00.000000      -1761.136347180       6509.086439614       -578.387403975   -5.47344980500   -1.92352673900   -5.02948264500
  2026-08-22T10:31:59.999999      -2993.705853601       5813.293377193      -1749.187127062   -4.73452140700   -3.83861695300   -4.66670223900
  2026-08-22T10:35:59.999999      -4005.811748699       4689.357346070      -2790.804021012   -3.64776310700   -5.46935768600   -3.95976841900
  2026-08-22T10:40:00.000000      -4723.211863330       3220.394464446      -3626.516179575   -2.29390128500   -6.69621414600   -2.96155551500
  2026-08-22T10:44:00.000000      -5093.473028059       1514.720572976      -4194.929005314   -0.77278727600   -7.42996748500   -1.74609189100
  2026-08-22T10:47:59.999999      -5089.676570952       -302.207068406      -4454.393481214    0.80411896100   -7.61775020800   -0.40283954000
  2026-08-22T10:51:59.999999      -4712.255078763      -2096.951110325      -4385.935431564    2.32169091600   -7.24628628900    0.96980791900
  2026-08-22T10:56:00.000000      -3988.901334347      -3737.744901019      -3994.581304180    3.66921192400   -6.34263166000    2.27142434500
  2026-08-22T11:00:00.000000      -2972.580450814      -5103.991708447      -3309.002607442    4.74803999600   -4.97234243500    3.40655292200
  2026-08-22T11:03:59.999999      -1737.760656950      -6095.040803784      -2379.495443726    5.47871865800   -3.23511005900    4.29153105400
  2026-08-22T11:07:59.999999       -375.081897349      -6637.602633124      -1274.404124483    5.80680998700   -1.25797650800    4.86057594900
  2026-08-22T11:12:00.000000       1015.216441566      -6691.302679962        -75.187812836    5.70732707000    0.81348429700    5.07091770400
  2026-08-22T11:16:00.000000       2330.686745329      -6251.857334063       1129.576308955    5.18705373500    2.82599733000    4.90645951900
  2026-08-22T11:19:59.999999       3474.327545924      -5351.513171057       2250.817501650    4.28429922600    4.63041793300    4.37921556100
  2026-08-22T11:23:59.999999       4361.836064031      -4056.655076185       3205.643441596    3.06589595500    6.09323034300    3.52832735500
  2026-08-22T11:28:00.000000       4927.869021738      -2462.808639423       3923.524175929    1.62194276400    7.10659648600    2.41695705000
  2026-08-22T11:32:00.000000       5130.819430050       -687.499587169       4351.489713987    0.05891031100    7.59612392200    1.12735444400
  2026-08-22T11:35:59.999999       4955.816131841       1138.452854515       4457.991767975   -1.50824159300    7.52604606700   -0.24533142800
  2026-08-22T11:39:59.999999       4415.761910887       2880.541957672       4235.174495082   -2.96443345000    6.90156412500   -1.60001381200
  2026-08-22T11:44:00.000000       3550.373257334       4410.401396893       3699.434403318   -4.20259442200    5.76832901800   -2.83686396500
  2026-08-22T11:48:00.000000       2423.323096656       5615.203452329       2890.259384931   -5.13142367500    4.20945125100   -3.86447837900
  2026-08-22T11:51:59.999999       1117.613731497       6406.003872489       1867.375651095   -5.68214186800    2.33968449500   -4.60665687300
  2026-08-22T11:55:59.999999       -270.504089469       6724.401488708        706.382114690   -5.81389320900    0.29722493200   -5.00821590900
  2026-08-22T12:00:00.000000      -1638.676803997       6546.955705827       -506.859546910   -5.51700214400   -1.76663109000   -5.03936555100
  2026-08-22T12:04:00.000000      -2886.081570385       5886.961875848      -1682.647293720   -4.81383036300   -3.69903815500   -4.69812445100
  2026-08-22T12:08:00.000000      -3920.949320389       4793.399773136      -2734.169559335   -3.75695566100   -5.35737642900   -4.01037204100
  2026-08-22T12:11:59.999999      -4667.353690733       3347.154670830      -3583.966113001   -2.42491235700   -6.62004178400   -3.02759177900
  2026-08-22T12:15:59.999999      -5070.724251106       1654.880942511      -4169.600958351   -0.91599178500   -7.39515473600   -1.82268260500
  2026-08-22T12:20:00.000000      -5101.716033919       -158.938581497      -4448.155454685    0.65920209000   -7.62682837400   -0.48435745700
  2026-08-22T12:24:00.000000      -4758.212951902      -1961.097346206      -4399.256349794    2.18569776500   -7.29861368100    0.88934090500
  2026-08-22T12:27:59.999999      -4065.417317554      -3619.288461820      -4026.492771208    3.55212525400   -6.43439758700    2.19792725800
  2026-08-22T12:31:59.999999      -3074.047150206      -5011.646475008      -3357.166834557    4.65849031200   -5.09682494000    3.34544609100
  2026-08-22T12:36:00.000000      -1856.733517920      -6035.604212118      -2440.380121537    5.42328999400   -3.38319421900    4.24729146700
  2026-08-22T12:40:00.000000       -502.820616554      -6615.471909027      -1343.537701083    5.78965794000   -1.41885586500    4.83651734800
  2026-08-22T12:43:59.999999        888.119502498      -6708.130827694       -147.468309439    5.72980360900    0.65173774200    5.06892054800
  2026-08-22T12:47:59.999999       2213.604999828      -6306.398635659       1059.495976552    5.24751408500    2.67543128400    4.92667222100
  2026-08-22T12:52:00.000000       3375.889779168      -5439.718759663       2188.114527316    4.37823844900    4.50219481000    4.42009775400
  2026-08-22T12:56:00.000000       4289.281097308      -4171.983747849       3154.940165919    3.18629395400    5.99681038200    3.58680736800
  2026-08-22T12:59:59.999999       4886.509001715      -2596.732522777       3888.543246235    1.75989455200    7.04900460400    2.48868280300
  2026-08-22T13:03:59.999999       5123.667593766       -830.135595115       4334.788699267    0.20426585600    7.58155817600    1.20701502400
  2026-08-22T13:08:00.000000       4983.367943406        997.619137984       4460.775688023   -1.36618690500    7.55553105500   -0.16362311400
  2026-08-22T13:12:00.000000       4475.962821772       2751.879085555       4257.212913088   -2.83607608500    6.97287115500   -1.52224827100
  2026-08-22T13:15:59.999999       3638.779766497       4303.379813641       3739.089553621   -4.09736291600    5.87625023800   -2.76872710000
  2026-08-22T13:19:59.999999       2533.412488100       5537.706788227       2944.601382576   -5.05708997100    4.34605736100   -3.81098842300
  2026-08-22T13:24:00.000000       1241.259974954       6363.744001081       1932.387903386   -5.64420677500    2.49489897100   -4.57178581300
  2026-08-22T13:28:00.000000       -142.430087150       6720.486058498        777.256032822   -5.81515036500    0.45956277500   -4.99453656500
  2026-08-22T13:31:59.999999      -1515.623775010       6581.655708616       -435.363360598   -5.55730778300   -1.60916764600   -5.04788674300
  2026-08-22T13:35:59.999999      -2777.108653182       5957.700375120      -1615.812868993   -4.89012780200   -3.55803506000   -4.72821217700
  2026-08-22T13:40:00.000000      -3834.064742433       4894.952592419      -2676.932987466   -3.86358911500   -5.24317156700   -4.05976292800
  2026-08-22T13:44:00.000000      -4608.935802869       3472.042587476      -3540.544235258   -2.55403952500   -6.54098446600   -3.09260933800
  2026-08-22T13:47:59.999999      -5045.057585793       1793.916145649      -4143.187244922   -1.05810097200   -7.35703009300   -1.89851903800
  2026-08-22T13:51:59.999999      -5110.675254275        -15.969299343      -4440.688403072    0.51452978300   -7.63237082800   -0.56544141500
  2026-08-22T13:56:00.000000      -4801.141710628      -1824.689788814      -4411.285911000    2.04902753600   -7.34741964400    0.80895282200
  2026-08-22T14:00:00.000000      -4139.173682799      -3499.462625342      -4057.139335434    3.43348692900   -6.52292717600    2.12413075700
  2026-08-22T14:03:59.999999      -3173.220437715      -4917.215170111      -3404.182604821    4.56662898000   -5.21861296200    3.28367650900
  2026-08-22T14:07:59.999999      -1974.038754082      -5973.520151608      -2500.308247329    5.36499235300   -3.52929983700    4.20213070100
  2026-08-22T14:12:00.000000       -629.634573248      -6590.308931580      -1411.967259110    5.76920691000   -1.57854214300    4.81126183400
  2026-08-22T14:16:00.000000        761.125349784      -6721.763437201       -219.367795046    5.74878635700    0.49011759700    5.06545957400
  2026-08-22T14:19:59.999999       2095.798904888      -6357.851063484        989.433581039    5.30462464400    2.52385216200    4.94534591000
  2026-08-22T14:23:59.999999       3275.971021537      -5525.207175443       2125.068571507    4.46926777700    4.37190792300    4.45953239100
  2026-08-22T14:28:00.000000       4214.629187221      -4285.200204479       3103.571178482    3.30450861200    5.89746997900    3.64407600400
  2026-08-22T14:32:00.000000       4842.628427920      -2729.316536641       3852.644431391    1.89650966100    6.98793609200    2.55952560900
  2026-08-22T14:35:59.999999       5113.784231521       -972.311291314       4317.006150049    0.34921717600    7.56317495000    1.28621156600
  2026-08-22T14:39:59.999999       5008.213933745        856.319763066       4462.426221380   -1.22350919600    7.58118778200   -0.08187538800
  2026-08-22T14:44:00.000000       4533.721756082       2621.870315165       4278.185920444   -2.70617762800    7.04072405500   -1.44397450700
  2026-08-22T14:48:00.000000       3725.211572341       4194.249396790       3777.847711000   -3.98979476300    5.98131899200   -2.69971370600
  2026-08-22T14:51:59.999999       2642.168428441       5457.514525569       2998.290998491   -4.97977047000    4.48064781400   -3.75633573100
  2026-08-22T14:55:59.999999       1364.342981863       6318.427386071       1997.056893474   -5.60289141300    2.64914732300   -4.53551836700
  2026-08-22T15:00:00.000000        -14.091043773       6713.420142027        848.135357931   -5.81294382600    0.62208971800   -4.97937906100
  2026-08-22T15:04:00.000000      -1391.494938182       6613.387359459       -363.509405268   -5.59438903300   -1.45039086800   -5.05497594900
  2026-08-22T15:08:00.000000      -2666.350206881       6025.904367897      -1548.292584982   -4.96377139300   -3.41476336800   -4.75700639800
  2026-08-22T15:11:59.999999      -3744.846366666       4994.602649277      -2618.728183626   -3.96831880000   -5.12601696500   -4.10810767600
  2026-08-22T15:15:59.999999      -4547.819690832       3595.791746131      -3495.939695180   -2.68203603600   -6.45852800200   -3.15689648800
  2026-08-22T15:20:00.000000      -5016.524995101       1932.669470754      -4115.462303193   -1.19997522400   -7.31521884300   -1.97403637200
  2026-08-22T15:24:00.000000      -5116.826573716        127.600730069      -4431.888098820    0.36915712300   -7.63428773500   -0.64665104400
  2026-08-22T15:27:59.999999      -4841.532142551      -1686.843754618      -4422.063212908    1.91082388200   -7.39290815600    0.72801573800
  2026-08-22T15:31:59.999999      -4210.852455422      -3377.464421414      -4086.713396077    3.31256106700   -6.60870290400    2.04939962000
  2026-08-22T15:36:00.000000      -3270.942871537      -4820.041088959      -3450.387573355    4.47187334500   -5.33844105100    3.22068171200
  2026-08-22T15:40:00.000000      -2090.637320900      -5908.335939987      -2559.747419645    5.30342944900   -3.67441461900    4.15552389400
  2026-08-22T15:43:59.999999       -756.536681196      -6561.932599023      -1480.261648404    5.74544333100   -1.73825230400    4.78454043200
  2026-08-22T15:47:59.999999        633.258144230      -6732.293022270       -291.475135024    5.76454711900    0.32760838200    5.06059930700
  2026-08-22T15:52:00.000000       1976.369657051      -6406.527239811        918.838127972    5.35876652300    2.37043739500    4.96274977700
  2026-08-22T15:56:00.000000       3173.776877323      -5608.462158107       2061.216343484    4.55786027100    4.23896164200    4.49796876200
  2026-08-22T15:59:59.999999       4137.200510414      -4396.901159444       3051.195047384    3.42102101400    5.79483315000    3.70067242500
  2026-08-22T16:03:59.999999       4795.675535973      -2861.230894730       3815.621398005    2.03239953700    6.92318170000    2.63007811300
  2026-08-22T16:08:00.000000       5100.776021581      -1114.708201049       4298.073065755    0.49444215400    7.54111410100    1.36546732900
  2026-08-22T16:12:00.000000       5030.110153449        713.939948199       4462.976510632   -1.07965217200    7.60337298100    0.00023597600
  2026-08-22T16:15:59.999999       4588.920566191       2489.994061514       4298.185796083   -2.57421984800    7.10553550000   -1.36500252700
  2026-08-22T16:19:59.999999       3809.667207970       4082.602744089       3815.837787337   -3.87946241700    6.08405919100   -2.62970005800
  2026-08-22T16:24:00.000000       2749.673046899       5374.347834999       3051.480363286   -4.89922490300    4.61377734900   -3.70048643200
  2026-08-22T16:28:00.000000       1486.982407387       6269.893713901       2061.520554125   -5.55809028800    2.80283352600   -4.49799792300
  2026-08-22T16:31:59.999999        114.652504289       6703.114057338        919.109632087   -5.80718922800    0.78499316400   -4.96298107900
  2026-08-22T16:35:59.999999      -1266.129264898       6642.081264271       -291.273813869   -5.62812496100   -1.29031925400   -5.06093281000
  2026-08-22T16:40:00.000000      -2553.597460968       6091.479479471      -1480.139558604   -5.03448049700   -3.26940215000   -4.78485064000
  2026-08-22T16:44:00.000000      -3652.997162586       5092.211593318      -2559.688840278   -4.07072070600   -5.00607482200   -4.15573413000
  2026-08-22T16:47:59.999999      -4483.615362574       3718.233122768      -3450.362829912   -2.80858019100   -6.37280960400   -3.22074883800
  2026-08-22T16:51:59.999999      -4984.665909272       2070.919645207      -4086.689135244   -1.34129633700   -7.27000152900   -2.04933639500
  2026-08-22T16:56:00.000000      -5119.622743127        271.493730025      -4422.009619602    0.22344975200   -7.63275257900   -0.72784670100
  2026-08-22T17:00:00.000000      -4878.760810391      -1547.866311841      -4431.790432224    1.77136121600   -7.43516248600    0.64683915800
  2026-08-22T17:03:59.999999      -4279.768602715      -3253.604210239      -4115.319945693    3.18957994600   -6.69164037100    1.97421263500
  2026-08-22T17:07:59.999999      -3366.481202153      -4720.390165494      -3495.763872675    4.37437728200   -5.45602380600    3.15698863500
  2026-08-22T17:12:00.000000      -2205.773733376      -5840.224296130      -2618.546402896    5.23861775400   -3.81803241800    4.10805832300
  2026-08-22T17:16:00.000000       -882.801514949      -6530.373275798      -1548.141435597    5.71809713900   -1.89736100000    4.75680555000
  2026-08-22T17:19:59.999999        505.161729991      -6739.613818542       -363.418228515    5.77672651300    0.16472904600    5.05468382800
  2026-08-22T17:23:59.999999       1855.879379740      -6452.182656719        848.153498417    5.40957578500    2.21584666400    4.97908589200
  2026-08-22T17:28:00.000000       3069.762662603      -5689.073284174       1997.015622166    4.64349646800    4.10404557700    4.53533202100
  2026-08-22T17:32:00.000000       4057.311218259      -4506.520921142       2998.225828621    3.53518452200    5.68950665700    3.75632403400
  2026-08-22T17:35:59.999999       4745.783651353      -2991.774624124       3777.802676615    2.16666416900    6.85519988500    2.69988140300
  2026-08-22T17:39:59.999999       5084.550522821      -1256.563044556       4278.198961800    0.63901212500    7.51543793300    1.44428953200
  2026-08-22T17:44:00.000000       5048.756563737        571.230449303       4462.524126179   -0.93543105600    7.62197410200    0.08224369900
  2026-08-22T17:48:00.000000       4641.067761183       2356.952848038       4317.186833421   -2.44099056800    7.16699983200   -1.28589925100
  2026-08-22T17:51:59.999999       3891.479660609       3969.034105152       3852.890489905   -3.76700135700    6.18386254600   -2.55929690100
  2026-08-22T17:55:59.999999       2855.134551639       5288.628283383       3103.858378699   -4.81584277200    4.74462472100   -3.64397666000
  2026-08-22T18:00:00.000000       1608.320903352       6218.357248764       2125.359514704   -5.50999006500    2.95507121200   -4.45959852200
  2026-08-22T18:04:00.000000        242.917613543       6689.563556394        989.691197221   -5.79792798500    0.94733601800   -4.94554758900
  2026-08-22T18:08:00.000000      -1140.397320860       6667.503187325       -219.169662125   -5.65835060200   -1.12991170500   -5.06574725700
  2026-08-22T18:11:59.999999      -2439.657661305       6153.974976725      -1411.837394313   -5.10190737000   -3.12277318600   -4.81151652100
  2026-08-22T18:15:59.999999      -3559.227993434       5187.148674035      -2500.223308199   -4.17033071700   -4.88402794300   -4.20224109100
  2026-08-22T18:20:00.000000      -4416.894146312       3838.595174659      -3404.104142559   -2.93297064200   -6.28428185900   -3.28361417400
  2026-08-22T18:24:00.000000      -4949.868397952       2207.835419138      -4057.025840353   -1.48129749500   -7.22141491200   -2.12391116200
  2026-08-22T18:27:59.999999      -5119.277950658        414.892642584      -4411.106019100    0.07811925600   -7.62763905600   -0.80862877200
  2026-08-22T18:31:59.999999      -4912.868012430      -1408.516555789      -4440.424250948    1.63134174300   -7.47379505200    0.56580175000
  2026-08-22T18:36:00.000000      -4345.817004292      -3128.523726708      -4142.844389313    3.06506298400   -6.77120972300    1.89879494800
  2026-08-22T18:40:00.000000      -3459.620206312      -4618.768657766      -3540.153042699    4.27452886200   -5.57073866800    3.09272934400
  2026-08-22T18:43:59.999999      -2319.161089646      -5769.537547116      -2676.535747042    5.17077838100   -3.95953281800    4.05968918900
  2026-08-22T18:47:59.999999      -1008.096937521      -6495.839392793      -1615.457108889    5.68732660900   -2.05526811900    4.72794307000
  2026-08-22T18:52:00.000000        377.188955650      -6743.786537729       -435.090640518    5.78532880400    0.00207734200    5.04746830000
  2026-08-22T18:56:00.000000       1734.664657848      -6494.760340390        777.419873817    5.45694167700    2.06044827400    4.99407658500
  2026-08-22T18:59:59.999999       2964.245933361      -5766.913872868       1932.449830074    4.72613133400    3.96741540600    4.57141423900
  2026-08-22T19:03:59.999999       3975.267960215      -4613.876120202       2944.594805655    3.64695218600    5.58169208200    3.81080517500
  2026-08-22T19:08:00.000000       4693.253067167      -3120.731063667       3739.064957789    2.29931549200    6.78411703900    2.76875107300
  2026-08-22T19:12:00.000000       5065.394266946      -1397.619100880       4257.216738912    0.78276968700    7.48628998700    1.52245762000
  2026-08-22T19:15:59.999999       5064.389704432        428.454299601       4460.851124079   -0.79105962300    7.63688516900    0.16400219300
  2026-08-22T19:19:59.999999       4690.355391532       2222.976288563       4334.964739527   -2.30665888200    7.22498302800   -1.20658529800
  2026-08-22T19:24:00.000000       3970.794347681       3853.743595116       3888.812944430   -3.65265788000    6.28062619900   -2.48834908100
  2026-08-22T19:28:00.000000       2958.634976694       5200.525839551       3155.272183384   -4.72987839500    4.87302862100   -3.58662720500
  2026-08-22T19:31:59.999999       1728.388663804       6163.945617106       2188.468146337   -5.45875060100    3.10568614600   -4.42009849700
  2026-08-22T19:35:59.999999        370.705972180       6672.863084911       1059.829194290   -5.78523686100    1.10902769200   -4.92683567300
  2026-08-22T19:40:00.000000      -1014.312665620       6689.743176521       -147.189387157   -5.68514868400   -0.96911828000   -5.06920191200
  2026-08-22T19:44:00.000000      -2324.569742508       6213.499549999      -1343.335237900   -5.16616810900   -2.97478984900   -4.83685798800
  2026-08-22T19:47:59.999999      -3463.602493409       5279.546490268      -2440.253083808   -4.26723884100   -4.75974934200   -4.24754686800
  2026-08-22T19:51:59.999999      -4347.746999242       3957.044651160      -3357.078747839   -3.05535011300   -6.19279988300   -3.34551201600
  2026-08-22T19:56:00.000000      -4912.261323777       2343.611095237      -4026.397725206   -1.62013097300   -7.16938820100   -2.19780975800
  2026-08-22T20:00:00.000000      -5115.955018605        558.014736770      -4399.116527311   -0.06699635900   -7.61881297900   -0.88909960200
  2026-08-22T20:03:59.999999      -4944.065281722      -1268.558221968      -4447.950794390    1.49056289700   -7.50882228100    0.48464369700
  2026-08-22T20:07:59.999999      -4409.240324772      -3002.006879306      -4169.330218621    2.93893503900   -6.84750418800    1.82293277600
  2026-08-22T20:12:00.000000      -3550.623010691      -4514.985968040      -3583.649964607    4.17224350900   -5.68274971700    3.02770148700
  2026-08-22T20:16:00.000000      -2431.072940222      -5696.133394724      -2733.850990695    5.09990794000   -4.09912144500    4.01028006400
  2026-08-22T20:19:59.999999      -1132.693877730      -6458.239983202      -1682.374151122    5.65315053600   -2.21220776400    4.69784138200
  2026-08-22T20:23:59.999999        249.079561464      -6744.785439148       -506.671012216    5.79043307000   -0.16063385100    5.03896464300
  2026-08-22T20:28:00.000000       1612.487888630      -6534.292423579        706.470316831    5.50096863000    1.90403944200    5.00780178200
  2026-08-22T20:32:00.000000       2857.008832079      -5842.062757158       1867.375235327    4.80583266400    3.82885413100    4.60634446000
  2026-08-22T20:35:59.999999       3890.876924428      -4719.093374017       2890.204404637    3.75644161800    5.47123959700    3.86434210800
  2026-08-22T20:39:59.999999       4637.920810822      -3248.247331318       3699.368857935    2.43047710600    6.70989507100    2.83691319400
  2026-08-22T20:44:00.000000       5043.181696867      -1538.029232233       4235.139026691    0.92589726700    7.45371962600    1.60020381100
  2026-08-22T20:48:00.000000       5076.914421720        285.492046230       4458.011940579   -0.64649047900    7.64831382800    0.24558406000
  2026-08-22T20:51:59.999999       4736.690725524       2087.982966505       4351.569821070   -2.17119794800    7.27955402700   -1.12712323900
  2026-08-22T20:55:59.999999       4047.539059488       3736.663447937       3923.647351765   -3.53629510200    6.37443012200   -2.41684889700
  2026-08-22T21:00:00.000000       3060.129041325       5110.001754478       3205.768500474   -4.64127682800    4.99914379600   -3.52842620500
  2026-08-22T21:04:00.000000       1847.139598479       6106.650472465       2250.892914532   -5.40443112200    3.25476308200   -4.37951794700
  2026-08-22T21:08:00.000000        497.953697857       6653.013447129       1129.562856581   -5.76918135500    1.27005860500   -4.90688634300
  2026-08-22T21:11:59.999999       -887.948395791       6708.787380212        -75.307816924   -5.70851459500   -0.80804555000   -5.07135946100
  2026-08-22T21:15:59.999999      -2208.396313921       6270.010246462      -1274.623210949   -5.22719076200   -2.82558205300   -4.86094659600
  2026-08-22T21:20:00.000000      -3366.160934116       5369.327004606      -2379.785586077   -4.36134046400   -4.63341798300   -4.29172499100
  2026-08-22T21:24:00.000000      -4276.183209503       4073.454271499      -3309.305184232   -3.17555598600   -6.09857421700   -3.40645128100
  2026-08-22T21:27:59.999999      -4871.808656634       2478.070891430      -3994.819439959   -1.75758519400   -7.11410925400   -2.27099526800
  2026-08-22T21:31:59.999999      -5109.561203140        700.638630029      -4386.040363458   -0.21162185600   -7.60646653100   -0.96914954400
  2026-08-22T21:36:00.000000      -4972.185346355      -1128.240542624      -4454.327051443    1.34933542200   -7.54027220700    0.40358414200
  2026-08-22T21:40:00.000000      -4469.807874979      -2874.296760055      -4194.688498652    2.81143270500   -6.92047681700    1.74677950800
  2026-08-22T21:43:59.999999      -3639.190407045      -4409.270283485      -3626.128995294    4.06785499000   -5.79193160400    2.96207445000
  2026-08-22T21:47:59.999999      -2541.135683934      -5620.187558220      -2790.321242135    5.02627252600   -4.23650133700    3.96003075000
  2026-08-22T21:52:00.000000      -1256.168681466      -6417.661349770      -1748.676533747    5.61572497500   -2.36774445800    4.66667032300
  2026-08-22T21:56:00.000000        121.279625807      -6742.580518895       -577.915831452    5.79204702600   -0.32289798500    5.02920843900
  2026-08-22T21:59:59.999999       1489.783324245      -6570.636920423        635.546932062    5.54155633300    1.74705918800    5.02022026000
  2026-08-22T22:03:59.999999       2748.451309084      -5914.275029688       1802.017406203    4.88240031500    3.68879573800    4.64001083200
  2026-08-22T22:08:00.000000       3804.469189605      -4821.837897636       2835.238995252    3.86331121600    5.35844308200    3.91674348700
  2026-08-22T22:12:00.000000       4580.026844973      -3373.936618753       3658.851658149    2.55974979600    6.63266091300    2.90416075400
  2026-08-22T22:15:59.999999       5018.059430478      -1677.389684894       4212.056038739    1.06801424000    7.41772968000    1.67733467400
  2026-08-22T22:19:59.999999       5086.395906313        142.732519717       4454.056436852   -0.50201101100    7.65614721700    0.32687187000
  2026-08-22T22:24:00.000000       4780.068161897       1952.333906928       4367.025234190   -2.03495381600    7.33061096600   -1.04765346500
  2026-08-22T22:28:00.000000       4121.619798200       3618.109716681       3957.368733067   -3.41824501600    6.46495956100   -2.34504180500
  2026-08-22T22:31:59.999999       3159.470982264       5017.279689391       3255.268708085   -4.55012716400    5.12255937800   -3.46955242100
  2026-08-22T22:35:59.999999       1964.425129993       6046.610224236       2312.522107595   -5.34699676600    3.40200449700   -4.33795701700
  2026-08-22T22:40:00.000000        624.523961152       6630.088307459       1198.762328176   -5.74971907200    1.43018011200   -4.88575316300
  2026-08-22T22:44:00.000000       -761.434132016       6724.652581124         -3.658704216   -5.72843371800   -0.64692760900   -5.07220262300
  2026-08-22T22:47:59.999999      -2091.264757908       6323.463684065      -1205.819807833   -5.28496087100   -2.67540245100   -4.88365263600
  2026-08-22T22:51:59.999999      -3267.031615650       5456.393072739      -2318.896536667   -4.45265632300   -4.50522988200   -4.33456176200
  2026-08-22T22:56:00.000000      -4202.335355167       4187.682832730      -3260.804028087   -3.29360005200   -6.00179262900   -3.46619726100
  2026-08-22T23:00:00.000000      -4828.640203213       2611.031714584      -3962.252758202   -1.89362455600   -7.05573413900   -2.34321517700
  2026-08-22T23:03:59.999999      -5100.211633590        842.550105161      -4371.778861062   -0.35567381000   -7.59069287500   -1.04853204300
  2026-08-22T23:07:59.999999      -4997.317689211       -987.797150298      -4459.398202813    1.20780239300   -7.56820677400    0.32284959400
  2026-08-22T23:12:00.000000      -4527.564413188      -2745.628058877      -4218.706432030    2.68276505800   -6.99006324700    1.67059375400
  2026-08-22T23:16:00.000000      -3725.328592683      -4301.822337552      -3667.322660408    3.96146583800   -5.89810980100    2.89600601900
  2026-08-22T23:19:59.999999      -2649.327074682      -5541.866164670      -2845.660920115    4.95002869800   -4.37154817300    3.90895254000
  2026-08-22T23:23:59.999999      -1378.450332795      -6374.236980433      -1814.080785330    5.57527484300   -2.52169698900    4.63440330600
  2026-08-22T23:28:00.000000         -6.092129236      -6737.249604358       -648.556191325    5.79034732800   -0.48444202400    5.01810985200
  2026-08-22T23:32:00.000000       1366.700940451      -6603.803190764        564.882713576    5.57879375100    1.58977772500    5.03112769300
  2026-08-22T23:35:59.999999       2638.738103890      -5983.506279723       1736.551314575    4.95588266500    3.54740418800    4.67215546800
  2026-08-22T23:39:59.999999       3716.221561298      -4922.030941814       2779.813226319    3.96759986200    5.24341904200    3.96774964100
  2026-08-22T23:44:00.000000       4519.752881413      -3497.699596809       3617.564826813    2.68712804100    6.55248286800    2.97024461100
  2026-08-22T23:48:00.000000       4990.200067941      -1815.598271818       4187.957323667    1.20909790900    7.37826904500    1.75360773000
  2026-08-22T23:51:59.999999       5093.008147180          0.264305743       4448.932851054   -0.35761608500    7.66032115900    0.40773286700
  2026-08-22T23:55:59.999999       4820.667168069       1816.101395632       4381.258168219   -1.89786731400    7.37807793500   -0.96820287600
  2026-08-23T00:00:00.000000       4193.225909951       3498.147638379       3989.915538605   -3.29853747800    6.55224669000   -2.27281775400
  2026-08-23T00:04:00.000000       3256.820722080       4922.431215575       3303.741592001   -4.45664226100    5.24325887200   -3.40988850500
  2026-08-23T00:08:00.000000       2080.352958790       5983.873481442       2373.355740414   -5.28662212900    3.54726217800   -4.29525451000
  2026-08-23T00:11:59.999999        750.488567468       6604.107462021       1267.474090186   -5.72698702800    1.58931549200   -4.86322600700
  2026-08-23T00:15:59.999999       -634.732248838       6737.348851622         67.851272494   -5.74505169100   -0.48577371000   -5.07155000300
  2026-08-23T00:20:00.000000      -1973.172606069       6373.880064869      -1136.793519417   -5.33964484900   -2.52417245700   -4.90487339400
  2026-08-23T00:24:00.000000      -3166.248906896       5540.782272822      -2257.442611259   -4.54130581500   -4.37509829800   -4.37603885700
  2026-08-23T00:27:59.999999      -4126.265761934       4299.796649297      -3211.438106906   -3.40961180800   -5.90230167800   -3.52482385500
  2026-08-23T00:31:59.999999      -4782.856119388       2742.593602276      -3928.589962114   -2.02842565000   -6.99414655600   -2.41462951900
  2026-08-23T00:36:00.000000      -5088.049751899        983.873186725      -4356.267797430   -0.49933498100   -7.57142436400   -1.12745373500
  2026-08-23T00:40:00.000000      -5019.648889606       -847.094153017      -4463.155334034    1.06578288700   -7.59259799900    0.24218566800
  2026-08-23T00:43:59.999999      -4582.740913784      -2615.870057743      -4241.443134616    2.55275277900   -7.05632461900    1.59406275100
  2026-08-23T00:47:59.999999      -3809.302632711      -4192.539023957      -3707.366251667    3.85297504800   -6.00143144400    2.82920007200
  2026-08-23T00:52:00.000000      -2755.940245805      -5461.099689501      -2900.070730992    4.87103026300   -4.50441737600    3.85678514600
  2026-08-23T00:56:00.000000      -1499.874964766      -6327.954365514      -1878.856374007    5.53162065900   -2.67444067800    4.60072464900
  2026-08-23T00:59:59.999999       -133.389666787      -6728.898717208       -718.924495007    5.78537624500   -0.64582074100    5.00548370700
  2026-08-23T01:03:59.999999       1242.916535278      -6634.021521780        494.122012524    5.61284710800    1.43173352500    5.04050069500
  2026-08-23T01:08:00.000000       2527.585151610      -6050.089144796       1670.625493154    5.02646060900    3.40427632400    4.70283476900
  2026-08-23T01:12:00.000000       3625.904395492      -5020.101414860       2723.602100198    4.06957867500    5.12578843200    4.01752557500
  2026-08-23T01:15:59.999999       4456.946239433      -3620.044479200       3575.237380397    2.81298145800    6.46908285400    3.03544777400
  2026-08-23T01:19:59.999999       4959.547868612      -1953.207341000       4162.656601266    1.34954166300    7.33525371500    1.82940987200
  2026-08-23T01:24:00.000000       5096.785922816       -142.474254026       4442.540818638   -0.21291587200    7.66086184200    0.48853376300
  2026-08-23T01:28:00.000000       4858.614096976       1678.751736401       4394.266000635   -1.75959246700    7.42216950700   -0.88834269300
  2026-08-23T01:31:59.999999       4262.555993198       3376.312601952       4021.378939053   -3.17690250900    6.63663946400   -2.19983612900
  2026-08-23T01:35:59.999999       3352.438118626       4825.093574691       3351.347650326   -4.36056735000    5.36175860100   -3.34918884800
  2026-08-23T01:40:00.000000       2195.228431803       5918.217288794       2433.593483719   -5.22321195700    3.69113549900   -4.25133690000
  2026-08-23T01:44:00.000000        876.166603856       6574.980060153       1335.903203812   -5.70093878500    1.74797440400   -4.83930510300
  2026-08-23T01:47:59.999999       -507.513289369       6746.911361731        139.424456383   -5.75835031800   -0.32402415900   -5.06944561400
  2026-08-23T01:51:59.999999      -1853.800247977       6421.424849734      -1067.367334103   -5.39131519300   -2.37137958300   -4.92474606900
  2026-08-23T01:56:00.000000      -3063.519239388       5622.782990400      -2195.287300650   -4.62745644200   -4.24253375300   -4.41637841900
  2026-08-23T02:00:00.000000      -4047.731853687       4410.191870009      -3161.132736804   -3.52384238200   -5.79969771400   -3.58261524900
  2026-08-23T02:03:59.999999      -4734.280275881       2873.242847295      -3893.830716718   -2.16230009700   -6.92899451100   -2.48558565300
  2026-08-23T02:07:59.999999      -5072.988638493       1125.163735425      -4339.603457018   -0.64303474400   -7.54844106600   -1.20635898300
  2026-08-23T02:12:00.000000      -5039.204582175       -705.544672681      -4465.805225961    0.92277744900   -7.61342771000    0.16112825400
  2026-08-23T02:16:00.000000      -4635.486359168      -2484.455297228      -4263.212651852    2.42087287600   -7.11943895900    1.51676354300
  2026-08-23T02:19:59.999999      -3891.387073524      -4080.919053995      -3746.667899422    3.74186887400   -6.10227441300    2.76129557200
  2026-08-23T02:23:59.999999      -2861.360573055      -5377.504451194      -2954.034414600    4.78887857400   -4.63569275600    3.80326525800
  2026-08-23T02:28:00.000000      -1620.901955709      -6278.578829852      -1943.526258026    5.48453359500   -2.82657243800    4.56559006400
  2026-08-23T02:32:00.000000       -261.129109585      -6717.429830824       -789.541300866    5.77688146800   -0.80763446900    4.99137485800
  2026-08-23T02:35:59.999999       1117.872861990      -6661.361982433        422.770399890    5.64369033900    1.27215526500    5.04854103900
  2026-08-23T02:39:59.999999       2414.469367814      -6114.260124324       1603.822603706    5.09438365000    3.25885422500    4.73245198800
  2026-08-23T02:44:00.000000       3533.057022353      -5116.389319811       2666.286705976    4.16952172700    5.00520882300    4.06648647000
  2026-08-23T02:48:00.000000       4391.218493967      -3741.379525094       3531.649868668    2.93764537100    6.38224200300    3.10018027600
  2026-08-23T02:51:59.999999       4925.801493646      -2090.656767884       4136.027469861    1.48972644700    7.28864918600    1.90511393800
  2026-08-23T02:55:59.999999       5097.512490258       -285.905069942       4434.840684982   -0.06760669600    7.65792146100    0.56959304900
  2026-08-23T03:00:00.000000       4893.759698372       1539.907250646       4406.065087051   -1.61984742600    7.46309393400   -0.80791875000
  2026-08-23T03:04:00.000000       4329.533892614       3252.284669179       4051.807993122   -3.05302039000    6.71842658400   -2.12597130000
  2026-08-23T03:08:00.000000       3446.313459933       4725.025838435       3398.163747756   -4.26169702700    5.47840310300   -3.28734977300
  2026-08-23T03:11:59.999999       2309.079273487       5849.485264541       2493.333615337   -5.15664392500    3.83399997300   -4.20615027500
  2026-08-23T03:15:59.999999       1001.601793310       6542.638748989       1404.139296734   -5.67155920500    1.90647312000   -4.81412585900
  2026-08-23T03:20:00.000000       -379.727113393       6753.325020426        211.105798318   -5.76825445000   -0.16154552900   -5.06609127800
  2026-08-23T03:24:00.000000      -1733.061685770       6466.117921045       -997.545211384   -5.43978405500   -2.21684257300   -4.94350854200
  2026-08-23T03:27:59.999999      -2958.710894099       5702.455019915      -2132.498951847   -4.71090851300   -4.10738410500   -4.45585368300
  2026-08-23T03:31:59.999999      -3966.554904748       4518.962138524      -3110.021158669   -3.63609639900   -5.69385330300   -3.63983655400
  2026-08-23T03:36:00.000000      -4682.692216984       3003.103358127      -3858.167982071   -2.29510637000   -6.86015628100   -2.55631009100
  2026-08-23T03:40:00.000000      -5054.780515661       1266.573669718      -4322.025455757   -0.78668564300   -7.52162453700   -1.28541145600
  2026-08-23T03:43:59.999999      -5055.728382038       -562.969035921      -4467.623718745    0.77876650600   -7.63059656000    0.07953223700
  2026-08-23T03:47:59.999999      -4685.558556103      -2351.190734156      -4284.320272092    2.28703108800   -7.17939144000    1.43861077800
  2026-08-23T03:52:00.000000      -3971.369113902      -3966.773085017      -3785.539655222    3.62799817000   -6.20067769500    2.69232528700
  2026-08-23T03:56:00.000000      -2965.417656443      -5290.902643498      -3007.840594045    4.70337095600   -4.76542587500    3.74855596000
  2026-08-23T03:59:59.999999      -1741.417683007      -6225.947620562      -2008.331428000    5.43374957400   -2.97819264800    4.52922209700
  2026-08-23T04:03:59.999999       -389.253287673      -6702.711649699       -860.581355134    5.76467114500   -0.96999288400    4.97611959000
  2026-08-23T04:08:00.000000        991.573830174      -6685.698755240        350.735833081    5.67102612400    1.11107494300    5.05556462000
  2026-08-23T04:12:00.000000       2299.310523665      -6175.904045117       1536.117082298    5.15932089200    3.11098839000    4.76129304000
  2026-08-23T04:15:59.999999       3437.542212671      -5210.812240602       2607.923857005    4.26725421400    4.88162366200    4.11499962700
  2026-08-23T04:19:59.999999       4322.386021102      -3861.614691995       3486.936527762    3.06087654100    6.29204306000    3.16470285400
  2026-08-23T04:24:00.000000       4888.710055441      -2227.848094001       4108.256468087    1.62937641000    7.23842377200    1.98090851200
  2026-08-23T04:28:00.000000       5094.888600702       -429.946223657       4426.060046210    0.07818606600    7.65143244700    0.65106047400
  2026-08-23T04:31:59.999999       4925.779904681       1399.637599508       4416.910328170   -1.47873163400    7.50080158800   -0.72685398000
  2026-08-23T04:35:59.999999       4393.814076020       3126.116488741       4081.458734080   -2.92696520800    6.79750404300   -2.05129916400
  2026-08-23T04:40:00.000000       3538.095675362       4622.242116821       3444.407906096   -4.15998155100    5.59298960100   -3.22459237300
  2026-08-23T04:44:00.000000       2421.580437800       5777.641847617       2552.736516143   -5.08677625200    3.97564497400   -4.15993324100
  2026-08-23T04:47:59.999999       1126.507642577       6507.001549788       1472.293978556   -5.63869245500    2.06466988300   -4.78786291000
  2026-08-23T04:51:59.999999       -251.640202465       6756.473179030        282.962539573   -5.77476052400    0.00146332200   -5.06168280600
  2026-08-23T04:56:00.000000      -1611.233508629       6507.760304213       -927.297349262   -5.48509068000   -2.06105203500   -4.96123388200
  2026-08-23T05:00:00.000000      -2852.095268789       5779.465570324      -2069.043619628   -4.79157545900   -3.97025605900   -4.49437825500
  2026-08-23T05:03:59.999999      -3882.964598727       4625.621095696      -3058.033644630   -3.74611241200   -5.58542205100   -3.69627738000
  2026-08-23T05:07:59.999999      -4628.231873643       3131.530383070      -3821.467902003   -2.42634230000   -6.78828476500   -2.62647495500
  2026-08-23T05:12:00.000000      -5033.412927389       1407.317072846      -4303.302369823   -0.92953463300   -7.49147452000   -1.36413577700
  2026-08-23T05:16:00.000000      -5069.001053696       -420.244275694      -4468.251661943    0.63471414200   -7.64433819100   -0.00201163700
  2026-08-23T05:19:59.999999      -4732.494276489      -2216.963559432      -4304.259451101    2.15227432000   -7.23603553800    1.36021600800
  2026-08-23T05:23:59.999999      -4048.533441266      -3850.911186200      -3823.335079539    3.51240735000   -6.29614497000    2.62284315300
  2026-08-23T05:28:00.000000      -3067.155123092      -5201.939277508      -3060.718048864    4.61544574300   -4.89273705800    3.69313171200
  2026-08-23T05:32:00.000000      -1860.265649697      -6170.450183120      -2072.403453633    5.37997824600   -3.12805437300    4.49193841300
  2026-08-23T05:35:59.999999       -516.477731022      -6684.801060933       -931.130489248    5.74908247900   -1.13142025500    4.95977510900
  2026-08-23T05:39:59.999999        865.339954083      -6706.728992723        278.920420152    5.69482171500    0.95001425900    5.06142512200
  2026-08-23T05:44:00.000000       2183.367477325      -6234.348855147       1468.345891801    5.22075355800    2.96218714000    4.78892564500
  2026-08-23T05:48:00.000000       3340.436879754      -5302.387191362       2549.211165988    4.36183806900    4.75606553500    4.16239368500
  2026-08-23T05:51:59.999999       4251.282952662      -3979.577209042       3441.631611807    3.18163051700    6.19907498500    3.22833463100
  2026-08-23T05:55:59.999999       4848.848284348      -2363.500217344       4079.704106247    1.76735252700    7.18487588600    2.05601126600
  2026-08-23T06:00:00.000000       5089.200891125       -573.301130084       4416.361666803    0.22324245700    7.64118408000    0.73211291600
  2026-08-23T06:04:00.000000       4954.692257177       1259.132091184       4426.788906926   -1.33724010700    7.53466975200   -0.64577499900
  2026-08-23T06:08:00.000000       4455.199962609       2998.821047096       4110.192922664   -2.79952585600    6.87302900900   -1.97622936500
  2026-08-23T06:11:59.999999       3627.425843512       4517.540590828       3489.875395651   -4.05599382300    5.70458398600   -3.16108907800
  2026-08-23T06:15:59.999999       2532.264702364       5703.251206835       2611.575397474   -5.01391650700    4.11507813400   -4.11270269700
  2026-08-23T06:20:00.000000       1250.378676402       6468.400362296       1540.149828131   -5.60234097300    2.22162878400   -4.76042075600
  2026-08-23T06:24:00.000000       -123.721899546       6756.490614275        354.810952057   -5.77759390100    0.16432079400   -5.05605491500
  2026-08-23T06:27:59.999999      -1488.702358609       6546.362350980       -856.768935479   -5.52685925500   -1.90436403500   -4.97778298800
  2026-08-23T06:31:59.999999      -2743.973774551       5853.768906741      -2005.036324370   -4.86913900700   -3.83127064800   -4.53182972400
  2026-08-23T06:36:00.000000      -3797.199986800       4730.116215268      -3005.256200211   -3.85369294700   -5.47435523200   -3.75182177300
  2026-08-23T06:40:00.000000      -4571.108463384       3258.495746232      -3783.790529472   -2.55595533200   -6.71323959200   -2.69598066200
  2026-08-23T06:43:59.999999      -5009.095988521       1547.400514375      -4283.476423216   -1.07162295500   -7.45785493600   -1.44247680500
  2026-08-23T06:47:59.999999      -5079.247467230       -277.331033686      -4467.720088741    0.49053435600   -7.65451187200   -0.08347660200
  2026-08-23T06:52:00.000000      -4776.541706806      -2081.704268201      -4323.062675726    2.01650487500   -7.28926359800    1.28154186900
  2026-08-23T06:56:00.000000      -4123.153110374      -3733.240603094      -3860.103591955    3.39497509300   -6.38859890500    2.55273566400
  2026-08-23T06:59:59.999999      -3166.877641323      -5110.520330651      -3112.757267599    4.52499115700   -5.01771028700    3.63677681700
  2026-08-23T07:03:59.999999      -1977.763971790      -6112.030031296      -2135.884096257    5.32322252100   -3.27636371300    4.45354522600
  2026-08-23T07:08:00.000000       -643.107127669      -6663.694352524      -1001.372468050    5.73022161200   -1.29214386800    4.94217056400
  2026-08-23T07:12:00.000000        738.904950392      -6724.509348153        207.097821665    5.71530336600    0.78869098000    5.06595183500
  2026-08-23T07:15:59.999999       2066.449672344      -6289.716292549       1400.252311292    5.27908628700    2.81223527300    4.81527848000
  2026-08-23T07:19:59.999999       3241.652891863      -5391.255152315       2489.879582045    4.45367541900    4.62857173200    4.20859918400
  2026-08-23T07:24:00.000000       4177.902831626      -4095.392113220       3395.442583383    3.30018968800    6.10339591300    3.29097690600
  2026-08-23T07:28:00.000000       4806.273066221      -2497.725089546       4050.070379946    1.90390461700    7.12809246200    2.13046956600
  2026-08-23T07:31:59.999999       5080.556488227       -716.040427847       4405.467635726    0.36770685900    7.62743806100    0.81284721200
  2026-08-23T07:35:59.999999       4980.611601499       1118.386558286       4435.430145816   -1.19544338700    7.56492510800   -0.56471549900
  2026-08-23T07:40:00.000000       4513.784051808       2870.430448105       4137.734366793   -2.67079806100    6.94511703200   -1.90075557400
  2026-08-23T07:44:00.000000       3714.367241259       4410.977392755       3534.293740781   -3.94988582900    5.81325796700   -3.09680044000
  2026-08-23T07:47:59.999999       2641.152246105       5626.380570323       2669.593718498   -4.93827445900    4.25231091900   -4.06436731900
  2026-08-23T07:51:59.999999       1373.179513987       6426.896560457       1607.480157545   -5.56276060600    2.37728608600   -4.73164324900
  2026-08-23T07:56:00.000000          3.929721407       6753.409561862        426.470399560   -5.77699655800    0.32685739200   -5.04897930800
  2026-08-23T08:00:00.000000      -1365.614053271       6581.911901135       -786.081380487   -5.56524485200   -1.74697305000   -4.99290127300
  2026-08-23T08:03:59.999999      -2634.515811665       5925.300557012      -1940.540903777   -4.94361699700   -3.69066171700   -4.56797849900
  2026-08-23T08:07:59.999999      -3709.416673372       4832.332868985      -2951.703241251   -3.95871073100   -5.36082763500   -3.80628960000
  2026-08-23T08:12:00.000000      -4511.438188588       3383.855904910      -3745.115729337   -2.68376219700   -6.63509122900   -2.76472677600
  2026-08-23T08:16:00.000000      -4981.904357104       1686.672993760      -4262.512775189   -1.21280387600   -7.42076963400   -1.52040810700
  2026-08-23T08:19:59.999999      -5086.512269014       -134.383033201      -4465.992301890    0.34634838000   -7.66114310000   -0.16485700500
  2026-08-23T08:23:59.999999      -4817.713535639      -1945.570160741      -4340.685811903    1.87986065700   -7.33906207000    1.20264700700
  2026-08-23T08:28:00.000000      -4195.208642316      -3613.906523546      -3895.785994896    3.27583066300   -6.47795754100    2.48205679700
  2026-08-23T08:32:00.000000      -3264.535972045      -5016.762528116      -3163.888190286    4.43210668300   -5.14018460200    3.57952451500
  2026-08-23T08:35:59.999999      -2093.852262279      -6050.764850728      -2198.703926519    5.26348255600   -3.42299191200    4.41400293100
  2026-08-23T08:39:59.999999       -769.083087424      -6639.451356374      -1071.244571258    5.70808031100   -1.45211301200    4.92331322700
  2026-08-23T08:44:00.000000        612.319889220      -6739.081849418        135.335972584    5.73240189700    0.62719442500    5.06915907500
  2026-08-23T08:48:00.000000       1948.582539616      -6342.037315731       1331.902864035    5.33419398400    2.66111523200    4.84033570200
  2026-08-23T08:51:59.999999       3141.194542278      -5477.466923232       2429.996187432    4.54273901500    4.49902570100    4.25365012800
  2026-08-23T08:55:59.999999       4102.256393494      -4209.128961009       3348.446776480    3.41660700600    6.00497728200    3.35265124900
  2026-08-23T09:00:00.000000       4761.006482094      -2630.602396055       4019.425504963    2.03909571900    7.06798151500    2.20421678100
  2026-08-23T09:04:00.000000       5069.006501458       -858.273090528       4393.438772915    0.51174284000    7.61008124400    0.89326929400
  2026-08-23T09:08:00.000000       5003.629155609        977.278473716       4442.909712263   -1.05318765100    7.59158634200   -0.48357424100
  2026-08-23T09:11:59.999999       4569.683016136       2740.838389759       4164.173335219   -2.54072892500    7.01383279700   -1.82487925300
  2026-08-23T09:15:59.999999       3799.053357405       4302.451980262       3577.749166491   -3.84154674100    5.91903458300   -3.03174708700
  2026-08-23T09:20:00.000000       2748.407215207       5546.943336495       2726.870977392   -4.85972254300    4.38743649000   -4.01495863200
  2026-08-23T09:24:00.000000       1495.101553367       6382.430910126       1674.357130252   -5.51985099300    2.53178707300   -4.70155575300
  2026-08-23T09:27:59.999999        131.524190092       6747.216011119        498.007838591   -5.77292974600    0.48930035500   -5.04047842900
  2026-08-23T09:31:59.999999      -1241.762575948       6614.451627375       -715.173435427   -5.60030533700   -1.58864714400   -5.00660998800
  2026-08-23T09:36:00.000000      -2523.539394156       5994.167220670      -1875.498569506   -5.01518026000   -3.54813713900   -4.60284362200
  2026-08-23T09:40:00.000000      -3619.488709899       4932.441663594      -2897.321110643   -4.06145824000   -5.24460762200   -3.85970082600
  2026-08-23T09:43:59.999999      -4449.169589575       3507.826069665      -3705.391095761   -2.81008115000   -6.55367707000   -2.83270202200
  2026-08-23T09:47:59.999999      -4951.865462748       1825.385870413      -4240.359645177   -1.35340562100   -7.38008340800   -1.59796200100
  2026-08-23T09:52:00.000000      -5090.903914375          8.879716310      -4463.035416900    0.20179218600   -7.66414028100   -0.24628668700
  2026-08-23T09:56:00.000000      -4856.212048587      -1808.277884055      -4357.139601727    1.74194575000   -7.38550904600    1.12331978900
  2026-08-23T09:59:59.999999      -4264.988563600      -3492.662625360      -3930.440786328    3.15466786200   -6.56442489100    2.41063414400
  2026-08-23T10:03:59.999999      -3360.481804720      -4920.472092793      -3214.207120961    4.33656427300   -5.26040272700    3.52122121900
  2026-08-23T10:08:00.000000      -2208.924583018      -5986.524682929      -2260.995384577    5.20063482800   -3.56822269100    4.37316590400
  2026-08-23T10:12:00.000000       -894.816833216      -6612.013708372      -1140.916307009    5.68264622900   -1.61166155100    4.90304192200
  2026-08-23T10:15:59.999999        485.192841975      -6750.472706062         63.436832999    5.74629367700    0.46519015000    5.07097677600
  2026-08-23T10:19:59.999999       1829.432387168      -6391.401826595       1263.090416244    5.38635987700    2.50863427700    4.86407700000
  2026-08-23T10:24:00.000000       3038.796460195      -5561.147527369       2369.350690608    4.62930843700    4.36730559500    4.29754106700
  2026-08-23T10:28:00.000000       4024.148157309      -4320.940585742       3300.441751044    3.53119605700    5.90372759600    3.41344007300
  2026-08-23T10:31:59.999999       4712.931379813      -2762.285845717       3987.595148286    2.17322900700    7.00464898700    2.27737713500
  2026-08-23T10:35:59.999999       5054.489310747      -1000.117041497       4380.117493505    0.65553934600    7.58925015200    0.97340536600
  2026-08-23T10:40:00.000000       5023.732514322        835.719356965       4449.076636810   -0.91026308800    7.61478890900   -0.40231069400
  2026-08-23T10:44:00.000000       4622.923449081       2609.995082604       4189.376253714   -2.40921234300    7.07937245500   -1.74849125500
  2026-08-23T10:47:59.999999       3881.512721040       4191.967310039       3620.129329775   -3.73107257600    6.02210657600   -2.96588182600
  2026-08-23T10:51:59.999999       2854.025665970       5464.968212743       2783.298182438   -4.77838881500    4.52048611000   -3.96448999800
  2026-08-23T10:56:00.000000       1616.118384434       6335.030933714       1740.662612559   -5.47366903700    2.68508485900   -4.67022157000
  2026-08-23T11:00:00.000000        259.032421329       6737.917963396        569.288722497   -5.76536143900    0.65155238500   -5.03061169100
  2026-08-23T11:03:59.999999      -1117.161393105       6643.969280641       -644.191854437   -5.63195070300   -1.42944842200   -5.01895412200
  2026-08-23T11:07:59.999999      -2411.032043833       6060.340074102      -1810.067641525   -5.08368956100   -3.40376664300   -4.63646322400
  2026-08-23T11:12:00.000000      -3527.365684804       5030.405026030      -2842.275758919   -4.16176388800   -5.12569295900   -3.91208993500
  2026-08-23T11:16:00.000000      -4384.214391291       3630.378651984      -3664.796489186   -2.93477705800   -6.46894060800   -2.89998965900
  2026-08-23T11:19:59.999999      -4918.861979533       1963.525566181      -4217.213285862   -1.49333564900   -7.33572060800   -1.67517738200
  2026-08-23T11:23:59.999999      -5092.293620495        152.465921048      -4459.051422232    0.05687850800   -7.66340205500   -0.32777526800
  2026-08-23T11:28:00.000000      -4891.913166481      -1669.790082319      -4372.627200507    1.60269005700   -7.42847547000    1.04354658400
  2026-08-23T11:32:00.000000      -4332.401194139      -3369.451382448      -3964.277364885    3.03129678400   -6.64798421000    2.33844823200
  2026-08-23T11:35:59.999999      -3454.671699166      -4821.600234178      -3263.917574616    4.23816659200   -5.37842224300    3.46193636000
  2026-08-23T11:39:59.999999      -2322.987666829      -5919.275181824      -2322.940558714    5.13445794700   -3.71211568800    4.33113199400
  2026-08-23T11:44:00.000000      -1020.373017001      -6581.366308320      -1210.546356140    5.65365645700   -1.77089732600    4.88145394100
  2026-08-23T11:48:00.000000        357.392463287      -6758.707454344         -8.734371189    5.75670510500    0.30243709800    5.07152557600
  2026-08-23T11:51:59.999999       1708.813094293      -6437.902731934       1193.718658843    5.43541353000    2.35449209800    4.88670234500
  2026-08-23T11:55:59.999999       2934.246844149      -5642.454465273       2307.902272336    4.71332488000    4.23319864100    4.34052676800
  2026-08-23T12:00:00.000000       3943.353686773      -4431.021776971       3251.443680342    3.64390629800    5.79952022600    3.47355691200
  2026-08-23T12:04:00.000000       4661.815255871      -2893.000578406       3954.645466261    2.30630830100    6.93796837700    2.35016232900
  2026-08-23T12:08:00.000000       5036.786539744      -1141.814284643       4365.623144255    0.79918059000    7.56496812200    1.05345933400
  2026-08-23T12:11:59.999999       5040.715785867        693.486130860       4454.078964245   -0.76663163400    7.63461517700   -0.32089209900
  2026-08-23T12:15:59.999999       4673.322607704       2477.695729727       4213.487369910   -2.27609340600    7.14182765500   -1.67164623500
  2026-08-23T12:20:00.000000       3961.604551672       4079.346302742       3661.564086756   -3.61828224500    6.12262399500   -2.89925472300
  2026-08-23T12:24:00.000000       2957.898033769       5380.325301708       2838.994674843   -4.69423475800    4.65167684100   -3.91301196800
  2026-08-23T12:27:59.999999       1736.106669153       6284.605065295       1806.499267148   -5.42435508400    2.83726291700   -4.63772632500
  2026-08-23T12:31:59.999999        386.286568981       6725.417813379        640.389767213   -5.75449451100    0.81346137600   -5.01951005100
  2026-08-23T12:36:00.000000       -992.016642675       6670.303098067       -573.090474096   -5.66027999800   -1.26973644200   -5.03005042400
  2026-08-23T12:40:00.000000      -2297.207107449       6123.558743527      -1744.226320688   -5.14910352900   -3.25800797800   -4.66892079300
  2026-08-23T12:43:59.999999      -3433.230961856       5125.843298463      -2786.557535483   -4.25941742800   -5.00460667800   -3.96345978300
  2026-08-23T12:47:59.999999      -4316.686357142       3751.006667310      -3623.307294395   -3.05747039600   -6.38140537300   -2.96645820000
  2026-08-23T12:52:00.000000      -4882.894030694       2100.468538210      -4193.005750553   -1.63202058500   -7.28812265100   -1.75183129700
  2026-08-23T12:56:00.000000      -5090.521162998        295.665115283      -4453.904982541   -0.08765190700   -7.65918394000   -0.40898474900
  2026-08-23T12:59:59.999999      -4924.472601177      -1530.847785200      -4386.922967247    1.46288223000   -7.46795664000    0.96373369100
  2026-08-23T13:03:59.999999      -4396.911915458      -3244.973797941      -3996.970934940    2.90648880700   -6.72830404400    2.26589380400
  2026-08-23T13:08:00.000000      -3546.402748791      -4720.741381743      -3312.610109341    4.13754323600   -5.49371717000    3.40199564300
  2026-08-23T13:12:00.000000      -2435.202314838      -5849.458337774      -2384.050237006    5.06543617500   -3.85390539700    4.28823095100
  2026-08-23T13:15:59.999999      -1144.826764097      -6547.735704515      -1279.581155569    5.62132740700   -1.92881649000    4.85872197700
  2026-08-23T13:19:59.999999        229.860533289      -6763.764652167        -80.614511831    5.76356278600    0.13996375800    5.07071373500
  2026-08-23T13:24:00.000000       1587.613582671      -6481.289787572       1124.301914279    5.48100227100    2.19953853200    4.90791724200
  2026-08-23T13:28:00.000000       2828.327715296      -5720.966777200       2246.077680463    4.79427870600    4.09726261900    4.38218230100
  2026-08-23T13:31:59.999999       3860.528324444      -4538.851354292       3201.774059057    3.75419647400    5.69266427300    3.53255928800
  2026-08-23T13:35:59.999999       4608.176209149      -3022.175810465       3920.788325607    2.43772804100    6.86802416600    2.42211338900
  2026-08-23T13:40:00.000000       5016.268284479      -1282.810156358       4350.066164020    0.94207007500    7.53700991100    1.13306871800
  2026-08-23T13:44:00.000000       5054.823397609        551.056838138       4457.964786807   -0.62275540600    7.65070602100   -0.23948064700
  2026-08-23T13:47:59.999999       4721.015173395       2344.327928181       4236.526116613   -2.14181958100    7.20077810500   -1.59443756500
  2026-08-23T13:51:59.999999       4039.375913114       3964.866113606       3702.054546287   -3.50344273500    6.22010787900   -2.83193045100
  2026-08-23T13:56:00.000000       3060.033441821       5293.178947435       2893.953036967   -4.60730759200    4.78057567500   -3.86051361200
  2026-08-23T14:00:00.000000       1855.084896043       6231.236858297       1871.877579607   -5.37180270400    2.98811305900   -4.60393290700
  2026-08-23T14:03:59.999999        513.331352261       6709.786573448        711.366198105   -5.74024104900    0.97513288400   -5.00693715800
  2026-08-23T14:07:59.999999       -866.282191460       6693.578515488       -501.752915102   -5.68538967400   -1.10920183700   -5.03963709800
  2026-08-23T14:12:00.000000      -2182.064968940       6184.030525539      -1677.793494701   -5.21170957900   -3.11050547600   -4.69995062300
  2026-08-23T14:16:00.000000      -3337.168583929       5219.045290878      -2729.926784203   -4.35480251000   -4.88103290500   -4.01360612100
  2026-08-23T14:19:59.999999      -4246.761422520       3870.073141239      -3580.648671024   -3.17855144000   -6.29075049700   -3.03202340700
  2026-08-23T14:23:59.999999      -4844.241598295       2236.655571181      -4167.461175376   -1.76994585800   -7.23699605600   -1.82800589800
  2026-08-23T14:28:00.000000      -5085.986163017        438.970935685      -4447.359084417   -0.23228292500   -7.65134527400   -0.49015467800
  2026-08-23T14:32:00.000000      -4954.394734895      -1390.942553968      -4399.863934319    1.32213060100   -7.50396612900    0.88351054400
  2026-08-23T14:35:59.999999      -4459.111108461      -3118.746027665      -4028.458108956    2.77991874200   -6.80557619200    2.19251949500
  2026-08-23T14:39:59.999999      -3636.330973038      -4617.476682938      -3360.336952789    4.03447437500   -5.60663579900    3.34087860100
  2026-08-23T14:44:00.000000      -2546.261863473      -5776.769285509      -2444.510425948    4.99351017500   -3.99421281500    4.24390580600
  2026-08-23T14:48:00.000000      -1268.851000948      -6510.986592205      -1348.318151860    5.58587851300   -2.08614829000    4.83449930900
  2026-08-23T14:51:59.999999        101.991687356      -6765.669859982       -152.560208288    5.76716809800   -0.02285678900    5.06836270900
  2026-08-23T14:55:59.999999       1465.307045069      -6521.738830995       1054.459166858    5.52348653600    2.04316396200    4.92770404400
  2026-08-23T15:00:00.000000       2720.602065688      -5796.999576016       2183.513551768    4.87255191800    3.95895062000    4.42267329700
  2026-08-23T15:04:00.000000       3775.330757145      -4644.869718692       3151.123987280    3.86250144300    5.58264152700    3.59073193500
  2026-08-23T15:08:00.000000       4551.799774186      -3150.365344944       3885.801632593    2.56810536100    6.79444198300    2.49365243500
  2026-08-23T15:11:59.999999       4992.876665927      -1423.714873665       4333.327661837    1.08486217300    7.50527199200    1.21265560000
  2026-08-23T15:15:59.999999       5066.147627013        407.815342653       4460.713870023   -0.47802460900    7.66309154300   -0.15766513000
  2026-08-23T15:20:00.000000       4766.244363115       2209.300690902       4258.578580239   -2.00575588100    7.25643722300   -1.51638673900
  2026-08-23T15:24:00.000000       4115.204778192       3848.017318829       3741.805179715   -3.38609012100    6.31500543000   -2.76341547600
  2026-08-23T15:27:59.999999       3160.896998514       5203.143927644       2948.483027570   -4.51733241800    4.90774410000   -3.80663981000
  2026-08-23T15:31:59.999999       1973.568999760       6174.677176959       1937.166358716   -5.31584955100    3.13818307600   -4.56870903500
  2026-08-23T15:36:00.000000        640.719598514       6690.899551349        782.592689054   -5.72246732200    1.13705671800   -4.99299966400
  2026-08-23T15:40:00.000000       -739.375202008       6713.778105028       -429.859150559   -5.70714376500   -0.94743780100   -5.04804408500
  2026-08-23T15:43:59.999999      -2064.986402036       6241.828253708      -1610.550459529   -5.27134117400   -2.96088782500   -4.73005356900
  2026-08-23T15:47:59.999999      -3238.531316232       5310.178392154      -2672.302905873   -4.44790206900   -4.75458082000   -4.06315614500
  2026-08-23T15:52:00.000000      -4173.817584995       3987.818557176      -3536.888832655   -3.29823247200   -6.19680655300   -3.09728271600
  2026-08-23T15:56:00.000000      -4802.336365373       2372.332982785      -4140.770123556   -1.90731306000   -7.18239369900   -1.90410307100
  2026-08-23T15:59:59.999999      -5078.174237367        582.613147039      -4439.681674437   -0.37729022800   -7.63998270100   -0.57153809700
  2026-08-23T16:03:59.999999      -4981.240863239      -1249.880779468      -4411.757434246    1.18010433000   -7.53669668200    0.80281329000
  2026-08-23T16:08:00.000000      -4518.638420178      -2990.619401555      -4059.041897136    2.65127284200   -6.87998847100    2.11842047300
  2026-08-23T16:12:00.000000      -3724.169828345      -4511.700861881      -3407.359750269    3.92864825700   -5.71733493500    3.27883912300
  2026-08-23T16:15:59.999999      -2655.959057638      -5701.127443673      -2504.503901875    4.91830758700   -4.13307955700    4.19851920600
  2026-08-23T16:19:59.999999      -1392.341727492      -6471.052057334      -1416.856993273    5.54686206000   -2.24301314900    4.80912814000
  2026-08-23T16:24:00.000000        -26.198246312      -6764.392554048       -224.579288467    5.76727504600   -0.18612701400    5.06491723500
  2026-08-23T16:28:00.000000       1341.862041186      -6559.203844805        984.285791492    5.56265536500    1.88557202800    4.94643058800
  2026-08-23T16:31:59.999999       2610.982099935      -5870.440164900       2120.376115612    4.94788257900    3.81859887600    4.46221885700
  2026-08-23T16:35:59.999999       3687.601050689      -4748.871478500       3099.698157295    3.96846232600    5.46990001300    3.64817860600
  2026-08-23T16:40:00.000000       4492.412054617      -3277.258677472       3849.894208375    2.69688342000    6.71758461300    2.56472055000
  2026-08-23T16:44:00.000000       4966.207871181      -1564.152423284       4315.596648314    1.22705783700    7.46997773000    1.29211624200
  2026-08-23T16:47:59.999999       5074.169317534        264.192050912       4462.471105593   -0.33292620500    7.67198586100   -0.07573772400
  2026-08-23T16:51:59.999999       4808.367380901       2073.073987093       4279.690069466   -1.86842467000    7.30880523700   -1.43801729000
  2026-08-23T16:56:00.000000       4188.337353125       3729.224970955       3780.718926792   -3.26660921500    6.40703782100   -2.69435152100
  2026-08-23T17:00:00.000000       3259.661670120       5110.552859822       3002.334883550   -4.42454276400    5.03270905100   -3.75199964700
  2026-08-23T17:03:59.999999       2090.687288305       6115.126672157       2001.979387657   -5.25664023400    3.28683783000   -4.53257110300
  2026-08-23T17:07:59.999999        767.554887806       6668.780171062        853.575885712   -5.70120483300    1.29838872900   -4.97804461800
  2026-08-23T17:12:00.000000       -612.173111616       6730.708086554       -357.955253171   -5.72536155900   -0.78537874900   -5.05536948400
  2026-08-23T17:16:00.000000      -1946.785625287       6296.537076985      -1543.037219904   -5.32766390600   -2.81007753300   -4.75908343000
  2026-08-23T17:19:59.999999      -3138.026288234       5398.604061869      -2614.157247657   -4.53811351400   -4.62614775800   -4.11169067300
  2026-08-23T17:23:59.999999      -4098.379968782       4103.422175559      -3492.381502550   -3.41562055900   -6.10014574000   -3.16169548500
  2026-08-23T17:28:00.000000      -4757.484751600       2506.591954653      -4113.161068097   -2.04323502800   -7.12454891100   -1.97963442900
  2026-08-23T17:32:00.000000      -5067.174953127        725.645463433      -4430.979016007   -0.52172730600   -7.62514230400   -0.65257932800
  2026-08-23T17:35:59.999999      -5004.874490108      -1108.576456961      -4422.574555350    1.03769320800   -7.56584049400    0.72217539600
  2026-08-23T17:39:59.999999      -4575.161895474      -2861.410328887      -4088.573955812    2.52129804100   -6.95102980600    2.04406661100
  2026-08-23T17:44:00.000000      -3809.426451034      -4404.077800768      -3453.429528305    3.82064930700   -5.82507815400    3.21622519900
  2026-08-23T17:48:00.000000      -2763.685291162      -5623.007645639      -2563.719921909    4.84023135900   -4.26969169200    4.15227220700
  2026-08-23T17:51:59.999999      -1514.608417820      -6428.195899426      -1484.847866763    5.50451196100   -2.39843494600    4.78270143200
  2026-08-23T17:55:59.999999       -154.001928626      -6759.958053382       -296.323097533    5.76378200800   -0.34891294800    5.06027075800
  2026-08-23T18:00:00.000000       1217.942456610      -6593.519368832        914.093875505    5.59831815700    1.72745022600    4.96392918700
  2026-08-23T18:04:00.000000       2500.082210354      -5940.964194809       2056.924795309    5.02003857400    3.67685030500    4.50053547600
  2026-08-23T18:08:00.000000       3597.888238124      -4850.392877443       3047.670349161    4.07176152600    5.35493069800    3.70446736400
  2026-08-23T18:11:59.999999       4430.485850139      -3402.291217006       3813.130484730    2.82370366100    6.63784429000    2.63484657400
  2026-08-23T18:15:59.999999       4936.619871545      -1703.484090088       4296.809109747    1.36807677300    7.43127851500    1.37087633200
  2026-08-23T18:20:00.000000       5079.105521866        120.815306169       4463.053264041   -0.18802114300    7.67721224800    0.00591840100
  2026-08-23T18:24:00.000000       4847.472758799       1936.226130289       4299.608360715   -1.73035629300    7.35763818200   -1.35954987900
  2026-08-23T18:27:59.999999       4258.729979051       3608.994968527       3818.499040205   -3.14555298400    6.49582563900   -2.62488546100
  2026-08-23T18:31:59.999999       3356.161394549       5015.801551994       3055.187417296   -4.32938593800    5.15493836400   -3.69663957600
  2026-08-23T18:36:00.000000       2206.190797280       6052.847709905       2066.003145228   -5.19442644400    3.43353895600   -4.49542695200
  2026-08-23T18:40:00.000000        893.544987379       6643.572954924        924.036169205   -5.67656983000    1.45869484800   -4.96187749200
  2026-08-23T18:43:59.999999       -484.990870815       6744.423831312       -286.267046895   -5.74011780500   -0.62334608600   -5.06136478800
  2026-08-23T18:47:59.999999      -1827.785955716       6348.144076972      -1475.416231539   -5.38066023100   -2.65830316000   -4.78676399800
  2026-08-23T18:52:00.000000      -3035.963363920       5484.277752502      -2555.588835294   -4.62538112400   -4.49578498900   -4.15898072000
  2026-08-23T18:56:00.000000      -4020.750090842       4216.836287506      -3447.177353216   -3.53069346800   -6.00075262400   -3.22507601300
  2026-08-23T18:59:59.999999      -4709.976746783       2639.393923731      -4084.639288738   -2.17762939300   -7.06335871600   -2.05441412500
  2026-08-23T19:03:59.999999      -5053.265550773        868.075820271      -4421.230174754   -0.66560347800   -7.60659045200   -0.73328164100
  2026-08-23T19:08:00.000000      -5025.580444290       -966.979310170      -4432.313866347    0.89488637300   -7.59129367200    0.64148592500
  2026-08-23T19:12:00.000000      -4628.964449086      -2731.043427803      -4117.081732425    2.38997985100   -7.01858498800    1.96930406300
  2026-08-23T19:15:59.999999      -3892.393748147      -4294.520380477      -3498.617165245    3.71043545500   -5.92987828300    3.15284781100
  2026-08-23T19:19:59.999999      -2869.736937164      -5542.331892613      -2622.273646263    4.75927283900   -4.40410392200    4.10496215900
  2026-08-23T19:24:00.000000      -1635.953865302      -6382.366547048      -1552.460080464    5.45882719400   -2.55262108200    4.75500609200
  2026-08-23T19:28:00.000000       -281.706001527      -6752.377261224       -368.000676290    5.75680357900   -0.51147573400    5.05429986400
  2026-08-23T19:31:59.999999       1093.291060434      -6624.756112249        843.651590417    5.63057612300    1.56854185500    4.98012458900
  2026-08-23T19:35:59.999999       2387.673551274      -6008.718356955       1992.924719061    5.08917911200    3.53334492900    4.53769717000
  2026-08-23T19:40:00.000000       3506.010951964      -4949.659079756       2994.842067785    4.17265139800    5.23745789200    3.75981648800
  2026-08-23T19:44:00.000000       4365.904144564      -3525.740405510       3775.369066142    2.94886022300    6.55503117400    2.70427645700
  2026-08-23T19:47:59.999999       4904.076557545      -1842.013716043       4276.897378353    1.50825071500    7.38918875400    1.44926580100
  2026-08-23T19:51:59.999999       5080.982119959        -22.594494204       4462.453824339   -0.04311571700    7.67887879800    0.08748333100
  2026-08-23T19:56:00.000000       4883.635592449       1798.490188524       4318.371105797   -1.59130817000    7.40298243100   -1.28075867800
  2026-08-23T20:00:00.000000       4326.522368597       3487.090339952       3855.250046955   -3.02266940800    6.58159323200   -2.55471834200
  2026-08-23T20:03:59.999999       3450.578448124       4918.722400005       3107.210851372   -4.23176352200    5.27475485200   -3.64032651200
  2026-08-23T20:07:59.999999       2320.267816872       5987.745382357       2129.450632356   -5.12923121200    3.57855089400   -4.45713498300
  2026-08-23T20:12:00.000000       1018.870997669       6615.240921073        994.211924129   -5.64860381200    1.61819969800   -4.94445022500
  2026-08-23T20:16:00.000000       -357.654441799       6754.937678346       -214.557087638   -5.75143034800   -0.46114451300   -5.06608460500
  2026-08-23T20:19:59.999999      -1707.820819040       6396.705953695      -1407.477481080   -5.43037959100   -2.50540878300   -4.81326487800
  2026-08-23T20:23:59.999999      -2932.192093916       5567.277188935      -2496.435926486   -4.70976984400   -4.36347019600   -4.20523298400
  2026-08-23T20:28:00.000000      -3940.788180856       4328.133702626      -3401.161183245   -3.64348408900   -5.89869359900   -3.28761413300
  2026-08-23T20:32:00.000000      -4659.678494760       2770.786623218      -4055.133762647   -2.31051131600   -6.99897664000   -2.12861318600
  2026-08-23T20:35:59.999999      -5036.305868513       1009.902780262      -4410.392519983   -0.80883558400   -7.58453952300   -0.81369102000
  2026-08-23T20:39:59.999999      -5043.195100112       -825.128857410      -4440.934080645    0.75176332800   -7.61315951800    0.56073679700
  2026-08-23T20:44:00.000000      -4679.862006124      -2599.587621964      -4144.529567271    2.25745873300   -7.08281535600    1.89412759600
  2026-08-23T20:48:00.000000      -3972.839458317      -4183.121180598      -3542.875592114    3.59823150100   -6.03176258600    3.08880208500
  2026-08-23T20:51:59.999999      -2973.832249499      -5459.185984234      -2680.085542114    4.67561052200   -4.53621679800    4.05675684400
  2026-08-23T20:55:59.999999      -1756.058320874      -6333.608502202      -1619.570434002    5.40992337400   -2.70531288400    4.72621267400
  2026-08-23T21:00:00.000000       -408.979855292      -6741.621890088       -439.459611822    5.74634687700   -0.67350763500    5.04708863000
  2026-08-23T21:04:00.000000        968.232426044      -6652.810200577        773.124060738    5.65938743400    1.40917553400    4.99505593500
  2026-08-23T21:08:00.000000       2274.056548758      -6073.510340639       1928.542717506    5.15511412700    3.38845484200    4.57365390000
  2026-08-23T21:11:59.999999       3412.209804796      -5046.402117302       2941.360881902    4.27082199700    5.11773792500    3.81413202600
  2026-08-23T21:15:59.999999       4298.827598985      -3647.289859364       3736.734110238    3.07201485400    6.46930207700    2.77291017900
  2026-08-23T21:20:00.000000       4868.656217070      -1979.399493027       4255.954118223    1.64725017400    7.34375726800    1.52713600100
  2026-08-23T21:24:00.000000       5079.807579370       -165.690357983       4460.736089937    0.10150558000    7.67701199000    0.16883318000
  2026-08-23T21:27:59.999999       4916.782254119       1660.217063069       4335.995509272   -1.45167226600    7.44478321100   -1.20191447200
  2026-08-23T21:31:59.999999       4391.556480648       3363.816395557       3890.914675707   -2.89821975600    6.66402808000   -2.48415476200
  2026-08-23T21:36:00.000000       3542.721406099       4819.538748024       3158.289649133   -4.13172665000    5.39184638000   -3.58324361900
  2026-08-23T21:40:00.000000       2432.721344339       5919.979534892       2192.172248589   -5.06105868500    3.72163957100   -4.41779860400
  2026-08-23T21:43:59.999999       1143.333424387       6583.888709748       1063.936892169   -5.61731718400    1.77666919700   -4.92578874200
  2026-08-23T21:47:59.999999       -230.366203789       6762.294983659       -142.988622300   -5.75930719200   -0.29904064200   -5.06947472300
  2026-08-23T21:52:00.000000      -1587.088094959       6442.201716495      -1339.355081160   -5.47679035400   -2.35166151000   -4.83840861900
  2026-08-23T21:56:00.000000      -2826.902765231       5647.522171086      -2436.783805908   -4.79123585700   -4.22943053100   -4.25022037100
  2026-08-23T21:59:59.999999      -3858.671195447       4437.182321424      -3354.362011791   -3.75391724300   -5.79416698800   -3.34906453500
  2026-08-23T22:03:59.999999      -4606.743649661       2900.595944329      -4024.613376407   -2.44176054400   -6.93154966800   -2.20197921600
  2026-08-23T22:08:00.000000      -5016.416041677       1150.926516936      -4398.376148694   -0.95127030300   -7.55908452100   -0.89357642500
  2026-08-23T22:12:00.000000      -5057.792613178       -683.247699766      -4448.289365324    0.60856852200   -7.63150230400    0.48018250600
  2026-08-23T22:15:59.999999      -4727.866378943      -2467.261761580      -4170.706680164    2.12396942700   -7.14360754400    1.81879500200
  2026-08-23T22:19:59.999999      -4050.727245086      -4070.068507698      -3585.949494315    3.48423669100   -6.13061056200    3.02420118400
  2026-08-23T22:24:00.000000      -3075.878212768      -5373.727115754      -2736.886258427    4.58954552100   -4.66589536200    4.00768914100
  2026-08-23T22:28:00.000000      -1874.752631354      -6282.032350093      -1685.904504919    5.35809970800   -2.85625045200    4.69631906900
  2026-08-23T22:31:59.999999       -535.591232381      -6727.727401234       -510.432484912    5.73260892000   -0.83464875200    5.03856241200
  2026-08-23T22:35:59.999999        843.031199902      -6677.630327960        702.750668448    5.68481814800    1.24969964400    5.00855467200
  2026-08-23T22:40:00.000000       2159.503244725      -6135.217524701       1863.970390661    5.21786321900    3.24245504400    4.60819943700
  2026-08-23T22:44:00.000000       3316.754230670      -5140.436652344       2887.362078791    4.36622873400    4.99601005600    3.86715068300
  2026-08-23T22:47:59.999999       4229.502444290      -3766.707405895       3697.297165524    3.19300377000    6.38080628900    2.84048090700
  2026-08-23T22:51:59.999999       4830.562577482      -2115.394188257       4233.989274505    1.78492390500    7.29497053000    1.60427610300
  2026-08-23T22:56:00.000000       5075.748264408       -308.235823672       4457.866312289    0.24569726700    7.67153364000    0.24982176200
  2026-08-23T23:00:00.000000       4947.052940723       1521.619559969       4352.428119140   -1.31154082700    7.48296204200   -1.12303589600
  2026-08-23T23:03:59.999999       4453.932924307       3239.373397411       3925.441907754   -2.77245373600    6.74307326600   -2.41317882700
  2026-08-23T23:07:59.999999       3632.618096705       4718.416677155       3208.368323601   -4.02957451400    5.50594946000   -3.52542071300
  2026-08-23T23:12:00.000000       2543.525705794       5849.640053010       2254.114230778   -4.99007399300    3.86248032600   -4.37738464800
  2026-08-23T23:16:00.000000       1266.875078295       6549.535252072       1133.168912225   -5.58282860400    1.93383384700   -4.90583857100
  2026-08-23T23:19:59.999999       -103.211304481       6766.453618734        -71.587876265   -5.76385982100   -0.13727301900   -5.07144999000
  2026-08-23T23:23:59.999999      -1465.701598909       6484.536917996      -1271.055165325   -5.52000370800   -2.19727099500   -4.86211059600
  2026-08-23T23:28:00.000000      -2720.226415702       5724.875837785      -2376.614765635   -4.86983595200   -4.09380001100   -4.29385193900
  2026-08-23T23:32:00.000000      -3774.543519400       4543.821403332      -3306.743355109   -3.86205311300   -5.68725596900   -3.40936218000
  2026-08-23T23:35:59.999999      -4551.328679121       3028.640185690      -3993.025852733   -2.57140506600   -6.86115895600   -2.27443824300
  2026-08-23T23:39:59.999999      -4993.753332007       1290.948993323      -4385.111285651   -1.09288483800   -7.53026202200   -0.97286911400
  2026-08-23T23:44:00.000000      -5069.522033843       -541.532143990      -4454.297828452    0.46533756600   -7.64629678100    0.39984647500
  2026-08-23T23:48:00.000000      -4773.115956241      -2334.253009839      -4195.533572681    1.98958100300   -7.20093287000    1.74327241600
  2026-08-23T23:51:59.999999      -4126.174367852      -3955.535978242      -3627.765418468    3.36852196800   -6.22630397400    2.95901635700
  2026-08-23T23:55:59.999999      -3175.990443689      -5286.094612869      -2792.617902964    4.50098912700   -4.79300897600    3.95762697500
  2026-08-24T00:00:00.000000      -1992.176243836      -6227.773348769      -1751.453499804    5.30330727300   -3.00553460800    4.66509200300
  2026-08-24T00:04:00.000000       -661.675452642      -6710.862787394       -580.963121294    5.71567003600   -0.99504442200    5.02853767700
  2026-08-24T00:08:00.000000        717.572188742      -6699.416259336        632.448618309    5.70693335000    1.08998457700    5.02046967700
  2026-08-24T00:11:59.999999       2043.910862399      -6194.076727998       1799.091526103    5.27747878700    3.09514027600    4.64120692700
  2026-08-24T00:15:59.999999       3219.561858263      -5232.057130458       2832.711507682    4.45899966900    4.87201469100    3.91885143300
  2026-08-24T00:20:00.000000       4157.890701320      -3884.348624036       3656.926288256    3.31208703700    6.28931035900    2.90704074000
  2026-08-24T00:24:00.000000       4789.824923698      -2250.391641318       4210.891995948    1.92153143600    7.24271902600    1.68076737600
  2026-08-24T00:27:59.999999       5068.902867653       -450.649486550       4453.761749101    0.38977669300    7.66237327300    0.33063066000
  2026-08-24T00:31:59.999999       4974.619985650       1382.283219813       4367.639835001   -1.17062738200    7.51760806500   -1.04388646200
  2026-08-24T00:36:00.000000       4513.894662309       3113.382539311       3958.858983927   -2.64507039600    6.81896046500   -2.34155195700
  2026-08-24T00:40:00.000000       3720.577373452       4615.063075348       3257.537784562   -3.92509048800    5.61753845800   -3.46659639700
  2026-08-24T00:43:59.999999       2653.019101582       5776.552165892       2315.416665871   -4.91622353300    4.00154542500   -4.33572343100
  2026-08-24T00:47:59.999999       1389.843342579       6512.113931754       1202.089453952   -5.54509306600    2.09015987800   -4.88441901400
  2026-08-24T00:52:00.000000         24.165339851       6767.474168772         -0.137645580   -5.76509701400    0.02473943900   -5.07193253100
  2026-08-24T00:56:00.000000      -1343.316284771       6523.912030799      -1202.360094873   -5.56008696800   -2.04164179100   -4.88442390800
  2026-08-24T00:59:59.999999      -2611.849248809       5799.678308055      -2315.740650502   -4.94575363300   -3.95603024100   -4.33629988900
  2026-08-24T01:03:59.999999      -3688.145061014       4648.514287944      -3258.168162916   -3.96814799000   -5.57747124500   -3.46876555600
  2026-08-24T01:08:00.000000      -4493.246483918       3155.497899571      -3960.311993642   -2.69982425000   -6.78736790400   -2.34639628000
  2026-08-24T01:12:00.000000      -4968.239196981       1430.631000914      -4370.649765014   -1.23418906100   -7.49782481200   -1.05207008400
  2026-08-24T01:15:59.999999      -5078.436296358       -399.290034527      -4459.134764938    0.32149581500   -7.65751690500    0.31921182100
  2026-08-24T01:19:59.999999      -4815.804242547      -2199.890762551      -4219.306187460    1.85369856200   -7.25498548700    1.66707465300
  2026-08-24T01:24:00.000000      -4199.515607939      -3838.925053994      -3668.731690384    3.25053796500   -6.31928745500    2.89281580900
  2026-08-24T01:28:00.000000      -3274.615092047      -5195.824330001      -2847.775940934    4.40957942200   -4.91818794100    3.90629698400
  2026-08-24T01:31:59.999999      -2108.850685765      -6170.515807186      -1816.750097322    5.24523305300   -3.15376489500    4.63245874500
  2026-08-24T01:35:59.999999       -787.829370820      -6690.875558811       -651.589596332    5.69526687800   -1.15549444800    5.01704943300
  2026-08-24T01:40:00.000000        591.235630918      -6718.220577044        561.712105026    5.72583228600    0.92919816700    5.03105246700
  2026-08-24T01:44:00.000000       1926.711849076      -6250.307769153       1733.478457217    5.33424082100    2.94595585200    4.67304346400
  2026-08-24T01:47:59.999999       3120.138661217      -5321.595159282       2777.070412584    4.54946403400    4.74535533300    3.96960730400
  2026-08-24T01:51:59.999999       4083.585220967      -4000.621823107       3615.378373994    3.42964585300    6.19457883200    2.97300080500
  2026-08-24T01:56:00.000000       4746.130812029      -2384.836323799       4186.518834914    2.05747908400    7.18695903800    1.75703993200
  2026-08-24T02:00:00.000000       5059.047708246       -593.360071458       4448.373207399    0.53408245300    7.64967570800    0.41158303100
  2026-08-24T02:03:59.999999       4999.341324082       1241.820464185       4381.643763572   -1.02858028100    7.54891931200   -0.96422985600
  2026-08-24T02:07:59.999999       4571.381170099       2985.519235086       3991.235650922   -2.51577467500    6.89200653800   -2.26905345600
  2026-08-24T02:12:00.000000       3806.595264880       4509.229937242       3305.908237559   -3.81809061500    5.72693810700   -3.40665183900
  2026-08-24T02:16:00.000000       2761.233819014       5700.553725770       2376.208645925   -4.83939882100    4.13922506900   -4.29280378300
  2026-08-24T02:19:59.999999       1512.284926730       6471.548367890       1270.806152034   -5.50408050100    2.24592633100   -4.86169556800
  2026-08-24T02:23:59.999999        151.825406677       6765.330098720         71.428834006   -5.76290283600    0.18718739200   -5.07106630700
  2026-08-24T02:28:00.000000      -1219.838974818       6560.359779928      -1133.238418255   -5.59692390500   -1.88450241100   -4.90554343800
  2026-08-24T02:32:00.000000      -2501.649345841       5872.026414835      -2254.181863016   -5.01886905500   -3.81584623300   -4.37780540000
  2026-08-24T02:35:59.999999      -3599.327850961       4751.423526034      -3208.721029820   -4.07211152100   -5.46453901900   -3.52755317200
  2026-08-24T02:39:59.999999      -4432.336694306       3281.394969797      -3926.623218897   -2.82699855400   -6.70991291400   -2.41812483000
  2026-08-24T02:44:00.000000      -4939.717991482       1570.265465867      -4355.209517268   -1.37526211100   -7.46149939700   -1.13147741200
  2026-08-24T02:48:00.000000      -5084.416339105       -256.170030266      -4463.096863142    0.17682291700   -7.66498983900    0.23792884700
  2026-08-24T02:51:59.999999      -4855.877168461      -2063.801905792      -4242.402260731    1.71600408200   -7.30573977400    1.58988654900
  2026-08-24T02:55:59.999999      -4270.780873639      -3719.876160382      -3709.291210664    3.12990058200   -6.40968159200    2.82537319700
  2026-08-24T03:00:00.000000      -3371.881344236      -5102.600632432      -2902.845632263    4.31488722600   -5.04169458700    3.85357348800
  2026-08-24T03:04:00.000000      -2225.003933073      -6110.029928814      -1882.300955173    5.18352934600   -3.30140117100    4.59839962800
  2026-08-24T03:08:00.000000       -914.340094483      -6667.644017486       -722.799200656    5.67120136300   -1.31638139600    5.00424848200
  2026-08-24T03:11:59.999999        463.679054088      -6734.007545395        490.095962000    5.74124842200    0.76694598000    5.04049700700
  2026-08-24T03:15:59.999999       1807.517006234      -6303.990051596       1666.753616733    5.38807979600    2.79440626000    4.70410982300
  2026-08-24T03:20:00.000000       3018.100289170      -5409.218191401       2720.174276367    4.63769518400    4.61581989500    4.01992482000
  2026-08-24T03:24:00.000000       4006.213858738      -4115.721034810       3572.505384170    3.54570112200    6.09654395300    3.03882246000
  2026-08-24T03:27:59.999999       4699.117119020      -2518.935072207       4160.829752145    2.19284476600    7.12765495100    1.83352846400
  2026-08-24T03:31:59.999999       5045.848033965       -736.568591783       4441.757168965    0.67873790400    7.63353276500    0.49303826900
  2026-08-24T03:36:00.000000       5020.902919902       1100.061364288       4394.568965782   -0.88534574700    7.57706023500   -0.88384939300
  2026-08-24T03:40:00.000000       4626.089660438       2855.650381633       4022.724765343   -2.38448866700    6.96232496500   -2.19569616200
  2026-08-24T03:43:59.999999       3890.398833750       4400.807378250       3353.612671983   -3.70842208100    5.83423539400   -3.34571822200
  2026-08-24T03:47:59.999999       2867.933008311       5621.549734727       2436.583354071   -4.75944907600    4.27555691000   -4.24880667700
  2026-08-24T03:52:00.000000       1633.991932214       6427.753886431       1339.369189527   -5.45973819600    2.40117500100   -4.83788001100
  2026-08-24T03:56:00.000000        279.553137671       6759.922477695        143.098551245   -5.75736384400    0.34984586000   -5.06914249700
  2026-08-24T03:59:59.999999      -1095.496705341       6593.681237482      -1063.761525189   -5.63048599200   -1.72640563100   -4.92562794100
  2026-08-24T04:03:59.999999      -2389.828201441       5941.573295317      -2192.033444554   -5.08899589800   -3.67392864200   -4.41840614300
  2026-08-24T04:08:00.000000      -3508.227436857       4852.032484614      -3158.486736442   -4.17358538700   -5.34919201800   -3.58561850700
  2026-08-24T04:12:00.000000      -4368.623044674       3405.636042609      -3892.000392198   -2.95233604100   -6.62951686800   -2.48934365300
  2026-08-24T04:15:59.999999      -4908.045083692       1708.998783234      -4338.741991502   -1.51529644400   -7.42185526500   -1.21062633800
  2026-08-24T04:19:59.999999      -5087.100208120       -113.131740644      -4466.001119645    0.03230139300   -7.66898389800    0.15663792600
  2026-08-24T04:24:00.000000      -4892.730435779      -1926.963197385      -4264.477832107    1.57752801800   -7.35311158300    1.51239993800
  2026-08-24T04:28:00.000000      -4339.118081369      -3599.302554407      -3748.929638740    3.00762304900   -6.49701634500    2.75741026800
  2026-08-24T04:31:59.999999      -3466.708013446      -5007.174451598      -2957.142385006    4.21778155200   -5.16263886000    3.80013565300
  2026-08-24T04:35:59.999999      -2339.375544907      -6046.803540760      -1947.271915943    5.11878114500   -3.44714627500    4.56344833100
  2026-08-24T04:40:00.000000      -1039.858116321      -6641.318095047       -793.660400336    5.64365142500   -1.47623736300    4.99043349500
  2026-08-24T04:44:00.000000        336.250883281      -6746.563366907        418.579090881    5.75298447100    0.60479852500    5.04888249100
  2026-08-24T04:47:59.999999       1687.566168063      -6354.535735067       1599.868459148    5.43827491000    2.64192925400    4.73408458800
  2026-08-24T04:51:59.999999       2914.473744893      -5494.055517034       2662.871913615    4.72270021600    4.48432921000    4.06931400500
  2026-08-24T04:56:00.000000       3926.557987452      -4228.597009684       3529.027557484    3.65919973100    5.99582455900    3.10390875700
  2026-08-24T05:00:00.000000       4649.295267891      -2651.528076028       4134.380097156    2.32642397700    7.06506807600    1.90946518900
  2026-08-24T05:03:59.999999       5029.524349033       -879.118772381       4434.284319640    0.82259310400    7.61365789800    0.57427066400
  2026-08-24T05:07:59.999999       5039.282038605        958.053925446       4406.630147836   -0.74181453000    7.60144425900   -0.80332124700
  2026-08-24T05:12:00.000000       4677.808088163       2724.655781555       4053.424932109   -2.25190997100    7.02913918400   -2.12186105900
  2026-08-24T05:16:00.000000       3971.632773918       4290.475745845       3400.675842249   -3.59656526400    5.93854244000   -3.28404248100
  2026-08-24T05:19:59.999999       2972.681188370       5540.004863364       2496.522073320   -4.67656488200    4.40964654800   -4.20385453600
  2026-08-24T05:23:59.999999       1754.520045781       6380.990297230       1407.743040676   -5.41194412100    2.55513216300   -4.81297946000
  2026-08-24T05:28:00.000000        406.959835627       6751.359317824        214.843310774   -5.74818394500    0.51223891800   -5.06611842400
  2026-08-24T05:32:00.000000       -970.611142277       6623.902196021       -993.948173662   -5.66053180100   -1.56759514300   -4.94463596700
  2026-08-24T05:35:59.999999      -2276.661901803       6008.300376576      -2129.296825277   -5.15598589800   -3.53040059500   -4.45799197400
  2026-08-24T05:39:59.999999      -3415.094203114       4950.302498454      -3107.436828639   -4.27249445800   -5.23148076000   -3.64281517200
  2026-08-24T05:44:00.000000      -4302.342399532       3528.177649557      -3856.376904498   -3.07580697300   -6.54619436800   -2.55990245400
  2026-08-24T05:48:00.000000      -4873.448457500       1846.784246505      -4321.144290908   -1.65423822900   -7.37891289600   -1.28936238400
  2026-08-24T05:51:59.999999      -5086.699024403         29.775880316      -4467.710941917   -0.11197580300   -7.66948608800    0.07545923500
  2026-08-24T05:55:59.999999      -4926.543990564      -1789.418778721      -4285.372542039    1.43842965500   -7.39704197500    1.43468932300
  2026-08-24T06:00:00.000000      -4404.669607126      -3477.227203980      -3787.482126276    2.88386507000   -6.58121586000    2.68888105600
  2026-08-24T06:04:00.000000      -3559.193379052      -4909.555627889      -3010.523858954    4.11848893700   -5.28099550000    3.74586664900
  2026-08-24T06:08:00.000000      -2451.999267690      -5980.840110652      -2011.550091022    5.05128925100   -3.59095135500    4.52746986800
  2026-08-24T06:11:59.999999      -1164.339210394      -6611.880704627       -864.098371937    5.61295299100   -1.63494497900    4.97540430100
  2026-08-24T06:15:59.999999        209.079123202      -6755.841571578        347.181090516    5.76140715400    0.44288535800    5.05596931000
  2026-08-24T06:20:00.000000       1567.077580378      -6401.853635548       1532.789940401    5.48519970600    2.48881683000    4.76277065000
  2026-08-24T06:24:00.000000       2809.544742786      -5575.922392906       2605.071365369    4.80462886200    4.35130438700    4.11746149900
  2026-08-24T06:27:59.999999       3844.914296286      -4338.981171920       3484.777132181    3.77011904000    5.89268711800    3.16797810100
  2026-08-24T06:31:59.999999       4596.949312041      -2782.288274377       4106.950542918    2.45813300500    6.99945094000    1.98469044700
  2026-08-24T06:36:00.000000       5010.323291806      -1020.618496855       4425.693174395    0.96539092400    7.59032689500    0.65506001200
  2026-08-24T06:40:00.000000       5054.639735464        816.229883306       4417.504995403   -0.59839371300    7.62208971300   -0.72288336800
  2026-08-24T06:43:59.999999       4726.603767453       2592.953524398       4082.971900259   -2.11841650400    7.09233771700   -2.04767050600
  2026-08-24T06:47:59.999999       4050.272422836       4178.612244047       3446.719025288   -3.48289789700    6.03963959000   -3.22161563300
  2026-08-24T06:52:00.000000       3075.365002684       5456.232033163       2555.662303931   -4.59111157000    4.54119244900   -4.15782290400
  2026-08-24T06:56:00.000000       1873.670848534       6331.488195999       1475.605357653   -5.36101945300    2.70739722300   -4.78677963000
  2026-08-24T06:59:59.999999        533.785822355       6739.768278756        286.403302206   -5.73554155300    0.67393218900   -5.06168832300
  2026-08-24T07:03:59.999999       -845.463930619       6651.054023711       -923.983398938   -5.68706936300   -1.40844088500   -4.96227520700
  2026-08-24T07:08:00.000000      -2162.409703752       6072.161884770      -2066.093019589   -5.21967352700   -3.38552663100   -4.49634036100
  2026-08-24T07:12:00.000000      -3320.136541463       5046.141615970      -3055.649560908   -4.36859396600   -5.11150982100   -3.69900647400
  2026-08-24T07:15:59.999999      -4233.648615856       3648.918756413      -3819.810721753   -3.19720969800   -6.45991588100   -2.62975893100
  2026-08-24T07:19:59.999999      -4836.046687745       1983.534866369      -4302.473125226   -1.79199298100   -7.33259442100   -1.36771028400
  2026-08-24T07:24:00.000000      -5083.314988645        172.485682927      -4468.290580422   -0.25595976100   -7.66644134200   -0.00563485600
  2026-08-24T07:28:00.000000      -4957.412188603      -1651.220982339      -4305.154033385    1.29872259900   -7.43745164200    1.35674189900
  2026-08-24T07:31:59.999999      -4467.527846104      -3353.684295256      -3825.022123212    2.75862636700   -6.66219392100    2.61975276400
  2026-08-24T07:35:59.999999      -3649.436649770      -4809.757458650      -3063.074756426    4.01693469300   -5.39668446100    3.69068889800
  2026-08-24T07:40:00.000000      -2563.001066190      -5912.148586537      -2075.244702477    4.98093464200   -3.73288802800    4.49036725200
  2026-08-24T07:44:00.000000      -1287.931554479      -6579.371353524       -934.236201690    5.57903737400   -1.79265180700    4.95914159500
  2026-08-24T07:47:59.999999         81.999016411      -6761.919169118        275.777164964    5.76643998700    0.28102107300    5.06174979200
  2026-08-24T07:51:59.999999       1445.875050193      -6446.079797259       1465.395820796    5.52885248900    2.33475770600    4.79020398600
  2026-08-24T07:56:00.000000       2703.157972013      -5655.031957130       2546.670686135    4.88366817800    4.21647515800    4.16450021500
  2026-08-24T08:00:00.000000       3761.179356433      -4447.130489425       3439.679244625    3.87867251000    5.78700390200    3.23110556500
  2026-08-24T08:03:59.999999       4542.028995064      -2911.506217893       4078.479759980    2.58822345300    6.93064508600    2.05927167800
  2026-08-24T08:07:59.999999       4988.261356099      -1161.383989274       4415.952759857    1.10741953400    7.56349997000    0.73559259600
  2026-08-24T08:12:00.000000       5067.056385819        674.287217492       4427.212047898   -0.45486220300    7.63916362900   -0.64235673800
  2026-08-24T08:16:00.000000       4772.593853431       2460.282703571       4111.409124848   -1.98388961600    7.15205768000   -1.97306710600
  2026-08-24T08:19:59.999999       4126.468539058       4064.992058816       3491.797227482   -3.36727374700    6.13770728200   -3.15840602100
  2026-08-24T08:23:59.999999       3176.163323588       5370.055648014       2614.062884820   -4.50299537100    4.67040784100   -4.11070615900
  2026-08-24T08:28:00.000000       1991.638065485       6279.126542873       1543.018528019   -5.30695468700    2.85821855400   -4.75926256000
  2026-08-24T08:32:00.000000        660.214983990       6725.090184733        357.846487171   -5.71952517000    0.83518576400   -5.05583309900
  2026-08-24T08:35:59.999999       -719.903355912       6675.134246154       -853.793286897   -5.71026777300   -1.24871693200   -4.97849049400
  2026-08-24T08:39:59.999999      -2046.974582331       6133.206768686      -2002.334163364   -5.28032728800   -3.23912264900   -4.53338676500
  2026-08-24T08:44:00.000000      -3223.325484697       5139.630471438      -3003.017498285   -4.46216435600   -4.98921259400   -3.75409932600
  2026-08-24T08:48:00.000000      -4162.570521610       3767.952286973      -3782.168075941   -3.31675945200   -6.37064466700   -2.69880856700
  2026-08-24T08:51:59.999999      -4795.913654212       2119.350024690      -4282.578966400   -1.92871965600   -7.28286283000   -1.44564358700
  2026-08-24T08:55:59.999999      -5077.061950615        315.101918352      -4467.596743360   -0.39983054200   -7.65984874300   -0.08671874500
  2026-08-24T09:00:00.000000      -4985.489762848      -1512.276470398      -4323.702355995    1.15826602000   -7.47444440000    1.27845921800
  2026-08-24T09:04:00.000000      -4527.870925638      -3228.605106715      -3861.447529163    2.63185289300   -6.74004809100    2.54997036600
  2026-08-24T09:08:00.000000      -3737.622145754      -4707.733273343      -3114.708472742    3.91311890800   -5.50978528700    3.63452356100
  2026-08-24T09:11:59.999999      -2672.558554251      -5840.699265562      -2138.292590849    4.90776753300   -3.87300906800    4.45201806800
  2026-08-24T09:15:59.999999      -1410.799009833      -6543.775614959      -1004.044172462    5.54198361800   -1.94944944500    4.94151813300
  2026-08-24T09:20:00.000000        -45.124180027      -6764.798582846        204.373193549    5.76825101000    0.11918132000    5.06615202500
  2026-08-24T09:24:00.000000       1323.864749560      -6487.209394554       1397.673347325    5.56937900500    2.17981678300    4.81628445300
  2026-08-24T09:27:59.999999       2595.249003083      -5731.367149264       2487.630314067    4.95992833900    4.07985183000    4.21032064300
  2026-08-24T09:31:59.999999       3675.322575017      -4553.028986862       3393.677530682    3.98503574800    5.67879148100    3.29325804000
  2026-08-24T09:36:00.000000       4484.542137893      -3039.147795105       4048.902179056    2.71681143000    6.85877883500    2.13313928200
  2026-08-24T09:40:00.000000       4963.369279344      -1301.360999258       4404.973351008    1.24878619200    7.53319800700    0.81576290300
  2026-08-24T09:43:59.999999       5076.591909364        532.285014539       4435.644123134   -0.31111332400    7.65269496400   -0.56177255400
  2026-08-24T09:47:59.999999       4815.854070083       2326.718371300       4138.632857411   -1.84832271400    7.20840947100   -1.89802475600
  2026-08-24T09:52:00.000000       4200.279741058       3949.707521733       3535.804905166   -3.24981720800    6.23275464300   -3.09444986900
  2026-08-24T09:56:00.000000       3275.112137763       5281.559112578       2671.608486121   -4.41227228600    4.79722669600   -4.06254442000
  2026-08-24T09:59:59.999999       2108.454308578       6223.969859114       1609.856324591   -5.24971460000    3.00751553500   -4.73047360800
  2026-08-24T10:03:59.999999        786.295100818       6707.372587821        429.038056256   -5.70005381700    0.99594169400   -5.04857202400
  2026-08-24T10:08:00.000000       -593.857070504       6696.184483190       -783.512987835   -5.73002142300   -1.08841462300   -4.99329969400
  2026-08-24T10:12:00.000000      -1930.257756770       6191.483603087      -1938.161457906   -5.33782800800   -3.09112420100   -4.56914829100
  2026-08-24T10:15:59.999999      -3124.537476483       5230.846021085      -2949.690360948   -4.55313810800   -4.86440961900   -3.80815379200
  2026-08-24T10:19:59.999999      -4088.983171966       3885.400227606      -3743.620443860   -3.43449466600   -6.27819410000   -2.76715356200
  2026-08-24T10:24:00.000000      -4752.943686045       2254.402324836      -4261.652158840   -2.06456218500   -7.22951372100   -1.52323975900
  2026-08-24T10:28:00.000000      -5067.879071707        457.842072177      -4465.839292909   -0.54380878700   -7.64952256700   -0.16788036500
  2026-08-24T10:31:59.999999      -5010.783236572      -1372.330225763      -4341.254932324    1.01670798500   -7.50790961300    1.19969444800
  2026-08-24T10:35:59.999999      -4585.801305305      -3101.733795863      -3897.031763199    2.50311953000   -6.81487358900    2.47940203500
  2026-08-24T10:40:00.000000      -3823.950204413      -4603.262742054      -3165.720511953    3.80666210300   -5.62049757000    3.57731372600
  2026-08-24T10:44:00.000000      -2780.957495816      -5766.326282781      -2200.997804409    4.83144712100   -4.01157717400    4.41240049900
  2026-08-24T10:47:59.999999      -1533.302149823      -6505.003326284      -1073.829154913    5.50150914500   -2.10571091100    4.92251686300
  2026-08-24T10:51:59.999999       -172.705685134      -6764.499614563        132.666186573    5.76668060400   -0.04315866300    5.06924345900
  2026-08-24T10:56:00.000000       1200.615693335      -6525.391198848       1329.349458438    5.60682244800    2.02347710300    4.84120283900
  2026-08-24T11:00:00.000000       2485.414208017      -5805.183847451       2427.734328469    5.03356551400    3.94107565200    4.25518995000
  2026-08-24T11:03:59.999999       3586.980160328      -4657.005759924       3346.622206710    4.08938755100    5.56777768700    3.35472716500
  2026-08-24T11:07:59.999999       4424.178666555      -3165.596359442       4018.145158994    2.84417546300    6.78368541600    2.20664247100
  2026-08-24T11:12:00.000000       4935.407360861      -1440.943289381       4392.762261071    1.38976197500    7.49950758600    0.89584960900
  2026-08-24T11:16:00.000000       5083.066721710        389.856129816       4442.857620631   -0.16687558100    7.66280265200   -0.48097568200
  2026-08-24T11:19:59.999999       4856.277799064       2191.932371598       4164.730696181   -1.71140793300    7.26159936500   -1.82242593900
  2026-08-24T11:23:59.999999       4271.665052054       3832.495582390       3578.859259435   -3.13031129400    6.32512011200   -3.02962452500
  2026-08-24T11:28:00.000000       3372.193718603       5190.563098226       2728.436145387   -4.31896462200    4.92197717100   -4.01330890600
  2026-08-24T11:32:00.000000       2224.077660536       6165.899382367       1676.249019151   -5.18945826400    3.15544415200   -4.70049809100
  2026-08-24T11:35:59.999999        911.944454485       6686.507579961        500.074880151   -5.67727074200    1.15613538400   -5.04007952700
  2026-08-24T11:39:59.999999       -467.431912923       6714.061421650       -713.092442479   -5.74638703800   -0.92775628600   -5.00689898600
  2026-08-24T11:44:00.000000      -1812.365976880       6246.782561592      -1873.568810824   -5.39212968000   -2.94186324100   -4.60380500700
  2026-08-24T11:48:00.000000      -3023.853545487       5319.487969666      -2895.695513438   -4.64134955300   -4.73752873100   -3.86126294000
  2026-08-24T11:51:59.999999      -4012.909558132       4000.854052234      -3704.204964156   -3.55008867400   -6.18300774000   -2.83477761900
  2026-08-24T11:55:59.999999      -4707.062602020       2388.177821961      -4239.716748768   -2.19902867500   -7.17295558900   -1.60038518500
  2026-08-24T12:00:00.000000      -5055.560544713        600.114135310      -4462.998522005   -0.68731348700   -7.63570903900   -0.24887811900
  2026-08-24T12:04:00.000000      -5032.941367754      -1232.006863550      -4357.722947432    0.87468035200   -7.53787446500    1.12077838000
  2026-08-24T12:08:00.000000      -4640.818999798      -2973.670324694      -3931.604592873    2.37300232200   -6.88644487300    2.40837590700
  2026-08-24T12:11:59.999999      -3907.796226891      -4496.875842409      -3215.860258479    3.69803079100   -5.72844882600    3.51942030100
  2026-08-24T12:15:59.999999      -2887.477847297      -5689.443031227      -2263.019525694    4.75229192000   -4.14798186200    4.37188398400
  2026-08-24T12:20:00.000000      -1654.672882656      -6463.293499489      -1143.176615217    5.45769850300   -2.26062343900    4.90238126500
  2026-08-24T12:24:00.000000       -299.986186734      -6761.056686237         61.106271414    5.76155409700   -0.20514548500    5.07105908900
  2026-08-24T12:27:59.999999       1076.818287419      -6560.469545646       1260.864357207    5.64079469000    1.86646170300    4.86484930900
  2026-08-24T12:31:59.999999       2374.235643261      -5876.174042866       2367.380818287    5.10409105900    3.80068047800    4.29888488300
  2026-08-24T12:36:00.000000       3496.611426717      -4758.640430742       3298.848818721    4.19118739100    5.45438399900    3.41520674400
  2026-08-24T12:40:00.000000       4361.257157556      -3290.352608076       3986.460935111    2.96968373300    6.70557167700    2.27940683700
  2026-08-24T12:43:59.999999       4904.543054475      -1579.615103524       4379.485688376    1.52975085400    7.46237115500    0.97553241500
  2026-08-24T12:47:59.999999       5086.513418373        247.492626262       4448.949601574   -0.02270916100    7.66935921200   -0.40025440200
  2026-08-24T12:52:00.000000       4893.764665873       2056.363433620       4189.724142849   -1.57364557000    7.31131492200   -1.74660391500
  2026-08-24T12:56:00.000000       4340.428775034       3713.705175086       3620.900640286   -3.00904488800    6.41436608800   -2.96425241800
  2026-08-24T12:59:59.999999       3467.168858401       5097.308837890       2784.422785092   -4.22315836200    5.04422088000   -3.96319022300
  2026-08-24T13:03:59.999999       2338.258338751       6105.065597467       1742.050324463   -5.12621763800    3.30169646200   -4.66933868200
  2026-08-24T13:08:00.000000       1036.900636780       6662.586776286        570.833797239   -5.65127554000    1.31558775300   -5.03018546400
  2026-08-24T13:12:00.000000       -340.927069414       6728.818567901       -642.601247598   -5.75954654900   -0.76689985100   -5.01900576400
  2026-08-24T13:15:59.999999      -1693.643122792       6299.117546658      -1808.550752457   -5.44339263800   -2.79151268700   -4.63701919200
  2026-08-24T13:19:59.999999      -2921.644706254       5405.529874589      -2840.947571821   -4.72685077200   -4.60871116200   -3.91310222300
  2026-08-24T13:24:00.000000      -3934.721607517       4114.269011694      -3663.761192049   -3.66353531600   -6.08511711600   -2.90140607500
  2026-08-24T13:28:00.000000      -4658.641161126       2520.630196555      -4216.556427223   -2.33209829000   -7.11317437300   -1.67689028800
  2026-08-24T13:31:59.999999      -5040.460975923        741.874444751      -4458.826086280   -0.83021920600   -7.61838707700   -0.32963299500
  2026-08-24T13:35:59.999999      -5052.278323679      -1091.342274071      -4372.851300613    0.73237578300   -7.56428390000    1.04168704600
  2026-08-24T13:40:00.000000      -4693.189602063      -2844.434713337      -3964.930197706    2.24172742700   -6.95470056100    2.33676052000
  2026-08-24T13:44:00.000000      -3989.368961195      -4388.575744807      -3264.940836330    3.58746341100   -5.83358813100    3.46055906300
  2026-08-24T13:47:59.999999      -2992.264535381      -5610.057642999      -2324.246157936    4.67061023600   -4.28230117900    4.33016091000
  2026-08-24T13:51:59.999999      -1774.970997161      -6418.671072362      -1212.038448958    5.41091217100   -2.41421561900    4.88086599200
  2026-08-24T13:56:00.000000       -426.953615111      -6754.499699170        -10.320998452    5.75312518900   -0.36682502800    5.07134590400
  2026-08-24T14:00:00.000000        952.533591301      -6592.494634290       1192.147799072    5.67145022000    1.70862883100    4.88701723000
  2026-08-24T14:03:59.999999       2261.804635160      -5944.437394738       2306.463707558    5.17160088200    3.65840496200    4.34130105100
  2026-08-24T14:07:59.999999       3404.333693028      -4858.115006562       3250.238733001    4.29059042200    5.33818839300    3.47471530600
  2026-08-24T14:12:00.000000       4295.947984210      -3413.699013539       3953.752493115    3.09361604500    6.62406442000    2.35158361900
  2026-08-24T14:16:00.000000       4871.017314451      -1717.738050314       4365.092710798    1.66904931900    7.42148695900    1.05504864100
  2026-08-24T14:19:59.999999       5087.250572808        104.762188568       4453.943533702    0.12176404400    7.67208659700   -0.31920597500
  2026-08-24T14:23:59.999999       4928.735011708       1919.539762754       4213.756293986   -1.43460975200    7.35752278700   -1.66998536200
  2026-08-24T14:28:00.000000       4407.080991676       3592.883497391       3662.216285815   -2.88569642500    6.50068845200   -2.89774025100
  2026-08-24T14:32:00.000000       3560.617796184       5001.412035415       2839.983636330   -4.12458402900    5.16432427800   -3.91173174100
  2026-08-24T14:35:59.999999       2451.642037410       6041.187352572       1807.760249846   -5.05969970700    3.44676997800   -4.63674627400
  2026-08-24T14:39:59.999999       1161.879004036       6635.468783648        641.842235695   -5.62178463400    1.47494577800   -5.01891036500
  2026-08-24T14:44:00.000000       -213.563305944       6740.482733571       -571.547302543   -5.76927924900   -0.60508372700   -5.02990136700
  2026-08-24T14:48:00.000000      -1573.278030545       6348.713144892      -1742.703798815   -5.49163070100   -2.63919139100   -4.66924495000
  2026-08-24T14:51:59.999999      -2817.150330902       5489.402346364      -2785.169550980   -4.81003119600   -4.47716469700   -3.96424659500
  2026-08-24T14:55:59.999999      -3853.785659962       4226.229290627      -3622.155617468   -3.77544411700   -5.98404031200   -2.96762567400
  2026-08-24T15:00:00.000000      -4607.197336100       2652.435173061      -4192.172349327   -2.46444864300   -7.04987654400   -1.75330494400
  2026-08-24T15:04:00.000000      -5022.279632332        883.847667576      -4453.453074746   -0.97335324500   -7.59748564600   -0.41066684100
  2026-08-24T15:08:00.000000      -5068.694613188       -949.627261410      -4386.884170970    0.58896890800   -7.58731124900    0.96199841100
  2026-08-24T15:11:59.999999      -4743.003788393      -2713.382257027      -3997.340626130    2.10852899200   -7.01999469500    2.26424909600
  2026-08-24T15:15:59.999999      -4068.935477684      -4277.822444168      -3313.347931147    3.47425980000   -5.93641610600    3.40059633000
  2026-08-24T15:20:00.000000      -3095.746649413      -5527.757577312      -2385.084630491    4.58575347900   -4.41513633700    4.28717149600
  2026-08-24T15:24:00.000000      -1894.761315505      -6370.898668344      -1280.822296928    5.36071952000   -2.56732025500    4.85806127800
  2026-08-24T15:27:59.999999       -554.230369642      -6744.778202874        -81.967747107    5.74130397200   -0.52884154100    5.07043910600
  2026-08-24T15:31:59.999999        827.133761985      -6621.536977472       1122.934641009    5.69881889500    1.54959935100    4.90808776800
  2026-08-24T15:36:00.000000       2147.507463044      -6010.109411138       2244.809804011    5.23619179800    3.51409129800    4.38283846200
  2026-08-24T15:40:00.000000       3309.554657215      -4955.571447507       3200.714814458    4.38763768000    5.21926208600    3.53362611700
  2026-08-24T15:43:59.999999       4227.663899148      -3535.755802316       3920.024419754    3.21601072500    6.53925443300    2.42349055500
  2026-08-24T15:47:59.999999       4834.267126347      -1855.396074765       4349.656431599    1.80780035900    7.37709627000    1.13461503400
  2026-08-24T15:52:00.000000       5084.743945846        -38.345059497       4457.933274175    0.26661287600    7.67133890600   -0.23788626400
  2026-08-24T15:56:00.000000       4960.660821569       1781.525012168       4236.877055313   -1.29428438700    7.40044653500   -1.59285797400
  2026-08-24T15:59:59.999999       4471.102757661       3470.133014155       3702.771736106   -2.76021442100    6.58418999900   -2.83048056400
  2026-08-24T16:03:59.999999       3652.030734413       4902.987797840       2894.988039333   -4.02322603600    5.28228677700   -3.85934033100
  2026-08-24T16:08:00.000000       2563.714082305       5974.357978284       1873.150673708   -4.98997007400    3.59046563100   -4.60312934800
  2026-08-24T16:12:00.000000       1286.349832877       6605.165110418        712.782428397   -5.58882265000    1.63373871100   -5.00656300000
  2026-08-24T16:15:59.999999        -85.864816690       6748.932571231       -500.304249766   -5.77550586500   -0.44293817900   -5.03973352500
  2026-08-24T16:19:59.999999      -1451.757717096       6395.276441205      -1676.422197389   -5.53656626900   -2.48570061800   -4.70049691000
  2026-08-24T16:24:00.000000      -2710.747901664       5570.620237853      -2728.736227325   -4.89029016600   -4.34364965500   -4.01455035300
  2026-08-24T16:28:00.000000      -3770.311312911       4336.096045103      -3579.719506062   -3.88506804500   -5.88027621600   -3.03323829100
  2026-08-24T16:31:59.999999      -4552.766938414       2782.848226277      -4166.842255285   -2.59535028300   -6.98346828400   -1.82934748400
  2026-08-24T16:35:59.999999      -5000.862107531       1025.209680373      -4447.064707176   -1.11587129200   -7.57319302600   -0.49150602500
  2026-08-24T16:40:00.000000      -5081.840859819       -807.692183465      -4399.887251753    0.44522076400   -7.60686755700    0.88223188300
  2026-08-24T16:44:00.000000      -4789.738300607      -2581.294553857      -4028.769222419    1.97409978600   -7.08198973800    2.19141559200
  2026-08-24T16:47:59.999999      -4145.819388697      -4165.283187629      -3360.883915890    3.35898731700   -6.03633165700    3.34002806600
  2026-08-24T16:51:59.999999      -3197.129940783      -5443.046239534      -2445.224480126    4.49814000000   -4.54569183700    4.24336985100
  2026-08-24T16:56:00.000000      -2013.182319450      -6320.252999765      -1349.122732212    5.30722821000   -2.71889677400    4.83428060200
  2026-08-24T17:00:00.000000       -680.969577162      -6731.930133155       -153.379960267    5.72591664500   -0.69029099400    5.06845510700
  2026-08-24T17:03:59.999999        701.419738276      -6647.427448484       1053.694535373    5.72268832200    1.39023692700    4.92805379700
  2026-08-24T17:07:59.999999       2032.079819912      -6072.811875609       2182.858923691    5.29751030500    3.36857844000    4.42323645000
  2026-08-24T17:12:00.000000       3212.909127188      -5050.451867707       3150.627879468    4.48186866900    5.09828193700    3.59148159100
  2026-08-24T17:16:00.000000       4156.909896315      -3655.813690491       3885.501497795    3.33619881300    6.45171513700    2.49451723500
  2026-08-24T17:19:59.999999       4794.607853905      -1991.786816620       4333.243391141    1.94514986700    7.32936498700    1.21358543300
  2026-08-24T17:23:59.999999       5079.109249354       -181.023745615       4460.850686900    0.41104074800    7.66701555600   -0.15677999800
  2026-08-24T17:28:00.000000       4989.469062567       1643.082478835       4258.909152704   -1.15346574300    7.43983959000   -1.51566656800
  2026-08-24T17:32:00.000000       4532.232334203       3346.127240217       3742.287498120   -2.63334715000    6.66436537100   -2.76287170000
  2026-08-24T17:35:59.999999       3740.985546710       4802.560493305       2949.072916130   -3.91965322000    5.39738793900   -3.80629021600
  2026-08-24T17:39:59.999999       2673.942257150       5904.922416797       1937.813288017   -4.91737705700    3.73202604900   -4.56858928900
  2026-08-24T17:44:00.000000       1409.718078780       6571.843915917        783.241464921   -5.55259428500    1.79125715800   -4.99310002700
  2026-08-24T17:48:00.000000         41.540927103       6754.168658311       -429.257653109   -5.77829294600   -0.28114402600   -5.04832894900
  2026-08-24T17:51:59.999999      -1329.705935232       6438.657721660      -1610.034685885   -5.57809905600   -2.33157911900   -4.73047191200
  2026-08-24T17:55:59.999999      -2603.029127062       5648.925965733      -2671.898970655   -4.96745644400   -4.20853503400   -4.06366563000
  2026-08-24T18:00:00.000000      -3684.838343884       4443.537829548      -3536.612892426   -3.99212926300   -5.77407879600   -3.09783127200
  2026-08-24T18:04:00.000000      -4495.803492607       2911.510027385      -4140.626594689   -2.72440660000   -6.91391298300   -1.90464717000
  2026-08-24T18:08:00.000000      -4976.578363376       1165.630633711      -4439.659549701   -1.25746527800   -7.54535458900   -0.57199013600
  2026-08-24T18:11:59.999999      -5092.008696001       -665.828370455      -4411.826751783    0.30147795800   -7.62273879000    0.80250170600
  2026-08-24T18:15:59.999999      -4833.613482633      -2448.397670896      -4059.171028082    1.83866801500   -7.14040145200    2.11823172400
  2026-08-24T18:20:00.000000      -4220.195338786      -4051.120728474      -3407.520398873    3.24182244300   -6.13309001500    3.27876171600
  2026-08-24T18:24:00.000000      -3296.552039518      -5356.028302693      -2504.671275868    4.40787690000   -4.67374960700    4.19854964600
  2026-08-24T18:27:59.999999      -2130.346166961      -6266.807587627      -1417.002197793    5.25057227600   -2.86887916100    4.80927368300
  2026-08-24T18:31:59.999999       -807.247921057      -6716.015293565       -224.679461105    5.70709320900   -0.85112396200    5.06513960300
  2026-08-24T18:36:00.000000        575.333427262      -6670.229221879        984.244235175    5.74311444800    1.23043465800    4.94668914600
  2026-08-24T18:40:00.000000       1915.487325402      -6132.652420862       2120.393772516    5.35570162200    3.22164370000    4.46244292100
  2026-08-24T18:43:59.999999       3114.407403807      -5142.911023055       3099.760770471    4.57348956600    4.97507006300    3.64832367400
  2026-08-24T18:47:59.999999       4083.751612957      -3774.070749980       3849.985539818    3.45446467200    6.36126827000    2.56481078400
  2026-08-24T18:52:00.000000       4752.172881365      -2127.127559565       4315.700497925    2.08132885900    7.27832258500    1.29213389000
  2026-08-24T18:56:00.000000       5070.519578825       -323.486381206       4462.577766238    0.55517879500    7.65907580500   -0.07572606700
  2026-08-24T18:59:59.999999       5015.372110907       1503.987546270       4279.795188250   -1.01195154200    7.47569234900   -1.43805921200
  2026-08-24T19:03:59.999999       4590.726278112       3220.664136999       3780.799690001   -2.50495935000    6.74139830500   -2.69451396800
  2026-08-24T19:08:00.000000       3827.757699958       4699.981079509       3002.364930553   -3.81384297400    5.50987728200   -3.75225019000
  2026-08-24T19:12:00.000000       2782.600146563       5832.789849367       2001.943513398   -4.84193352000    3.87168802100   -4.53287102600
  2026-08-24T19:15:59.999999       1532.253893563       6535.475587988        853.464377570   -5.51310323300    1.94777626300   -4.97835582400
  2026-08-24T19:19:59.999999        168.920788061       6756.236908996       -358.136855497   -5.77767014600   -0.11934985900   -5.05564063700
  2026-08-24T19:24:00.000000      -1206.870588369       6478.988285415      -1543.275175154   -5.61635064500   -2.17650408900   -4.75927212300
  2026-08-24T19:28:00.000000      -2493.777512668       5724.513159275      -2614.425861273   -5.04168464400   -4.07161161600   -4.11175865100
  2026-08-24T19:31:59.999999      -3597.190414314       4548.787565463      -3492.651519490   -4.09680891900   -5.66532566800   -3.16163125100
  2026-08-24T19:35:59.999999      -4436.179314375       3038.663930690      -4113.399013721   -2.85181948100   -6.84124823400   -1.97943397100
  2026-08-24T19:40:00.000000      -4949.339072674       1305.338487316      -4431.155252165   -1.39826906400   -7.51403661900   -0.65227232700
  2026-08-24T19:44:00.000000      -5099.145829879       -523.824978220      -4422.665328064    0.15757288500   -7.63505353800    0.72258317500
  2026-08-24T19:47:59.999999      -4874.600771187      -2314.531226727      -4088.554951391    1.70222214100   -7.19546433000    2.04456417300
  2026-08-24T19:51:59.999999      -4292.028883013      -3935.223425063      -3453.286337329    3.12279301600   -6.22686490400    3.21675352700
  2026-08-24T19:56:00.000000      -3393.971750675      -5266.629419663      -2563.454102443    4.31501582900   -4.79944687000    4.15275720200
  2026-08-24T20:00:00.000000      -2246.199320514      -6210.507289225      -1484.474768112    5.19078387400   -3.01730473600    4.78310919900
  2026-08-24T20:03:59.999999       -933.005308130      -6696.982339348       -295.860963510    5.68486316300   -1.01132591000    5.06058990700
  2026-08-24T20:07:59.999999        448.944678811      -6689.874102794        914.614839204    5.76011804200    1.07032722500    4.96409520700
  2026-08-24T20:12:00.000000       1797.789222587      -6189.522705329       2057.462024643    5.41067003100    3.07346186800    4.50050540000
  2026-08-24T20:16:00.000000       3014.077163815      -5232.804881558       3048.175552039    4.66235613900    4.84976522200    3.70422351900
  2026-08-24T20:19:59.999999       4008.181703436      -3890.346686939       3813.551320992    3.57064736700    6.26807925200    2.63438731500
  2026-08-24T20:23:59.999999       4706.916445588      -2261.204838119       4297.098515346    2.21620241000    7.22407408200    1.37023770800
  2026-08-24T20:28:00.000000       5058.892951808       -465.485001109       4463.170108983    0.69882513600    7.64771228800    0.00513240400
  2026-08-24T20:32:00.000000       5038.223583849       1364.518158733       4299.530619019   -0.87003452800    7.50800752900   -1.36036617900
  2026-08-24T20:35:59.999999       4646.384434225       3093.994353509       3818.227244978   -2.37518443700    6.81510117400   -2.62568220900
  2026-08-24T20:39:59.999999       3912.125900092       4595.458967182       3054.728958771   -3.70586626100    5.61959273900   -3.69739613200
  2026-08-24T20:44:00.000000       2889.447321215       5758.129689715       2065.374152526   -4.76374520500    4.00927280400   -4.49607958500
  2026-08-24T20:48:00.000000       1653.692446713       6496.176372598        923.269722584   -5.47044990200    2.10303926300   -4.96236204700
  2026-08-24T20:51:59.999999        295.990290001       6755.179488717       -287.124343763   -5.77367197200    0.04208587400   -5.06162436000
  2026-08-24T20:55:59.999999      -1083.533455367       6516.221343301      -1476.304809396   -5.65125644000   -2.02083671700   -4.78676375900
  2026-08-24T21:00:00.000000      -2383.249566389       5797.253401772      -2556.440272818   -5.11284619900   -3.93321048100   -4.15866012700
  2026-08-24T21:04:00.000000      -3507.584497177       4651.644015220      -3447.911469803   -4.19891856300   -5.55429823100   -3.22442439800
  2026-08-24T21:08:00.000000      -4374.059278174       3164.049122917      -4085.181089122   -2.97734075400   -6.76567456500   -2.05347057900
  2026-08-24T21:11:59.999999      -4919.244946029       1444.030589419      -4421.516551385   -1.53798889600   -7.47939298800   -0.73210978700
  2026-08-24T21:15:59.999999      -5103.271173116       -382.011103085      -4432.301010408    0.01387967800   -7.64383837700    0.64278662500
  2026-08-24T21:20:00.000000      -4912.638034775      -2180.004300391      -4116.751552116    1.56505377900   -7.24704794300    1.97063487400
  2026-08-24T21:24:00.000000      -4361.185811049      -3817.872024667      -3497.972045986    3.00223621700   -6.31753207600    3.15412755200
  2026-08-24T21:27:59.999999      -3489.163248639      -5175.086440150      -2621.335380855    4.21994737500   -4.92251771700    4.10609988200
  2026-08-24T21:31:59.999999      -2360.429630219      -6151.508432250      -1551.281727608    5.12818316000   -3.16377049300    4.75584627400
  2026-08-24T21:36:00.000000      -1057.870790917      -6674.881257234       -366.666226083    5.65940290300   -1.17044346000    5.05475022100
  2026-08-24T21:40:00.000000        322.649245640      -6706.308161369        845.042563751    5.77373730200    0.91031574700    4.98014221500
  2026-08-24T21:43:59.999999       1679.381327182      -6243.276804577       1994.265534340    5.46236887900    2.92440818300    4.53725587000
  2026-08-24T21:47:59.999999       2912.288332089      -5319.903306602       2996.023914643    4.74828884000    4.72266702500    3.75894286900
  2026-08-24T21:52:00.000000       3930.510580919      -4004.358327440       3776.294837801    3.68445377200    6.17228596700    2.70302504600
  2026-08-24T21:56:00.000000       4659.083087762      -2393.718619018       4277.487083471    2.34949139900    7.16663910800    1.44772732600
  2026-08-24T21:59:59.999999       5044.410888309       -606.730148080       4462.645140742    0.84175209100    7.63281643100    0.08571597900
  2026-08-24T22:03:59.999999       5058.155572577       1224.941520993       4318.126826467   -0.72794946400    7.53672181500   -1.28259125900
  2026-08-24T22:08:00.000000       4699.267466645       2966.362251248       3854.574387066   -2.24436527500    6.88531826000   -2.55645492100
  2026-08-24T22:12:00.000000       3994.079162883       4489.175276064       3106.146782625   -3.59593167200    5.72619229200   -3.64180224400
  2026-08-24T22:15:59.999999       2994.442968250       5681.043719747       2128.073610842   -4.68286282700    4.14447948400   -4.45825093200
  2026-08-24T22:19:59.999999       1773.984034446       6453.985552653        992.615742626   -5.42466220500    2.25680140900   -4.94515106900
  2026-08-24T22:24:00.000000        422.695464106       6750.982440716       -216.262052661   -5.76634595600    0.20296501800   -5.06627566900
  2026-08-24T22:28:00.000000       -959.765170040       6550.295213486      -1409.158969663   -5.68288645100   -1.86476688100   -4.81287261800
  2026-08-24T22:31:59.999999      -2271.535496926       5867.048917271      -2497.953339576   -5.18103204700   -3.79343870900   -4.20425379500
  2026-08-24T22:35:59.999999      -3416.136971347       4751.982138049      -3402.375654053   -4.29856237000   -5.44111858900   -3.28607907500
  2026-08-24T22:40:00.000000      -4309.577996534       3287.511760924      -4055.919823980   -3.10102217500   -6.68731646000   -2.12659851600
  2026-08-24T22:44:00.000000      -4886.435382947       1581.527404057      -4410.651472073   -1.67661400500   -7.44150554600   -0.81134085600
  2026-08-24T22:47:59.999999      -5104.517093073       -240.581185303      -4440.606395410   -0.12954909500   -7.64914095500    0.56324309900
  2026-08-24T22:51:59.999999      -4947.833649777      -2045.020874781      -4143.601901937    1.42730442400   -7.29514408400    1.89658579600
  2026-08-24T22:56:00.000000      -4427.743596672      -3699.247196682      -3541.386281179    2.88023917000   -6.40492691800    3.09099224700
  2026-08-24T23:00:00.000000      -3582.198536135      -5081.546263892      -2678.120081480    4.12267508400   -5.04288872300    4.05850954600
  2026-08-24T23:03:59.999999      -2473.096327653      -6089.953609460      -1617.251928285    5.06287879500   -3.30827849600    4.72737444200
  2026-08-24T23:07:59.999999      -1181.871505957      -6649.848298025       -436.950782421    5.63083719500   -1.32841966000    5.04749406800
  2026-08-24T23:12:00.000000        196.441314346      -6719.654603776        775.632487276    5.78403562800    0.75043173100    4.99464545700
  2026-08-24T23:16:00.000000       1560.269494033      -6294.042898636       1930.860581299    5.51084731000    2.77439949200    4.57249161200
  2026-08-24T23:19:59.999999       2809.066132890      -5404.360803551       2943.318966228    4.83139508500    4.59365613800    3.81231267700
  2026-08-24T23:23:59.999999       3850.796824795      -4116.286763306       3738.190659653    3.79604039900    6.07379074700    2.77057558300
  2026-08-24T23:28:00.000000       4608.763046264      -2524.873670869       4256.805734780    2.48134132000    7.10589566900    1.52447217200
  2026-08-24T23:32:00.000000       5027.206679181       -747.454489395       4460.929027181    0.98415659600    7.61431986600    0.16603417500
  2026-08-24T23:35:59.999999       5075.347350782       1085.017839002       4335.517591512   -0.58549111500    7.56183677900   -1.20467515700
  2026-08-24T23:39:59.999999       4749.606466905       2837.545244380       3889.801263933   -2.11230505300    6.95220493900   -2.48665356000
  2026-08-24T23:44:00.000000       4073.879374348       4380.965400034       3156.628011782   -3.48400580000    5.82997510100   -3.58527310400
  2026-08-24T23:48:00.000000       3097.842841500       5601.429780842       2190.099811244   -4.59934802400    4.27753107000   -4.41917517300
  2026-08-24T23:51:59.999999       1893.372135529       6408.858998534       1061.617809976   -5.37577656300    2.40936122900   -4.92646304600
  2026-08-24T23:55:59.999999        549.265120976       6743.686671300       -145.382308070   -5.75576280600    0.36368499900   -5.06941530700
  2026-08-25T00:00:00.000000       -835.355138728       6581.356173161      -1341.639219064   -5.71134696000   -1.70782750900   -4.83755348800
  2026-08-25T00:04:00.000000      -2158.453603676       5934.153539086      -2438.770885053   -5.24638140000   -3.65187456600   -4.24861333000
  2026-08-25T00:08:00.000000      -3322.702582260       4850.159375047      -3355.882335840   -4.39591542800   -5.32533191100   -3.34679978700
  2026-08-25T00:11:59.999999      -4242.648520998       3409.515368274      -4025.522826099   -3.22317656000   -6.60576832200   -2.19917962800
  2026-08-25T00:15:59.999999      -4850.912289428       1718.373059956      -4398.566303917   -1.81456395500   -7.40011399500   -0.89041632300
  2026-08-25T00:20:00.000000      -5102.994177928        -98.946319524      -4447.702254730   -0.27319730900   -7.65086975200    0.48345459500
  2026-08-25T00:24:00.000000      -4980.420107943      -1908.994752557      -4169.348891676    1.28845022700   -7.33986703400    1.82189865200
  2026-08-25T00:27:59.999999      -4492.055639853      -3578.821632561      -3583.894015662    2.75634069300   -6.48941980900    3.02686680400
  2026-08-25T00:31:59.999999      -3673.526397720      -4985.585611292      -2734.268012528    4.02283420400   -5.16102405000    4.00967494700
  2026-08-25T00:36:00.000000      -2584.742008442      -6025.540737828      -1682.910805288    4.99445643900   -3.45144131300    4.69744517400
  2026-08-25T00:40:00.000000      -1305.627559695      -6621.766964108       -507.280339921    5.59898370800   -1.48613432800    5.03875290400
  2026-08-25T00:43:59.999999         69.699431293      -6730.002209907        705.832822107    5.79115006300    0.58990924000    5.00776978000
  2026-08-25T00:47:59.999999       1439.880391022      -6342.066956099       1866.748544157    5.55635004800    2.62287484300    4.60647332000
  2026-08-25T00:52:00.000000       2703.902447142      -5486.547908562       2889.634173854    4.91200393200    4.46226608400    3.86469650200
  2026-08-25T00:56:00.000000       3768.624156133      -4226.593604393       3698.912165963    3.90582738000    5.97230502000    2.83749480700
  2026-08-25T00:59:59.999999       4555.645161483      -2655.172926694       4234.845172054    2.61217906500    7.04180384700    1.60097361100
  2026-08-25T01:03:59.999999       5007.065214065       -888.148126809       4457.917490723    1.12642615300    7.59232745500    0.24646133100
  2026-08-25T01:08:00.000000       5089.677685057        944.293260019       4351.688849893   -0.44227500100    7.58358550700   -1.12623279200
  2026-08-25T01:12:00.000000       4797.357799379       2707.164991227       3923.975158288   -1.97873800500    7.01611468400   -2.41600818700
  2026-08-25T01:15:59.999999       4151.535304474       4270.540511375       3206.288708202   -3.36990680100    5.93132846300   -3.52766720900
  2026-08-25T01:19:59.999999       3199.686476358       5519.098454308       2251.580503169   -4.51312786800    4.40884235600   -4.37889365900
  2026-08-25T01:24:00.000000       2011.906972444       6360.687218726       1130.378949366   -5.32376767900    2.56096404100   -4.90644895500
  2026-08-25T01:28:00.000000        675.762457321       6733.233492710        -74.415342275   -5.74183685200    0.52445897500   -5.07116974800
  2026-08-25T01:31:59.999999       -710.222614035       6609.398363469      -1273.714735370   -5.73656600300   -1.54981306600   -4.86098556200
  2026-08-25T01:35:59.999999      -2043.906830407       5998.611780020      -2378.907891798   -5.30882519200   -3.50829884800   -4.29194566400
  2026-08-25T01:40:00.000000      -3227.169009662       4946.272150883      -3308.498004377   -4.49092971900   -5.20673577500   -3.40680619800
  2026-08-25T01:44:00.000000      -4173.149324238       3530.205317511      -3994.108363907   -3.34377500400   -6.52081193900   -2.27143115800
  2026-08-25T01:47:59.999999      -4812.556793773       1854.768859764      -4385.438042236   -1.95190465100   -7.35498325600   -0.96961524900
  2026-08-25T01:51:59.999999      -5098.613668391         43.140346138      -4453.837758704   -0.41724389400   -7.64887215300    0.40311171600
  2026-08-25T01:56:00.000000      -5010.363827632      -1771.652174319      -4194.313947567    1.14821447700   -7.38116578000    1.74628957100
  2026-08-25T02:00:00.000000      -4554.165212837      -3456.322603167      -3625.878652918    2.63017789200   -6.57107407700    2.96152040300
  2026-08-25T02:03:59.999999      -3763.283189528      -4886.966208535      -2790.212390809    3.92002996700   -5.27715540400    3.95941260400
  2026-08-25T02:07:59.999999      -2695.584715784      -5958.107615372      -1748.718255573    4.92265181300   -3.59359901800    4.66604270600
  2026-08-25T02:12:00.000000      -1429.419856746      -6590.542584869       -578.107507778    5.56355307100   -1.64384865600    5.02859041900
  2026-08-25T02:16:00.000000        -57.934582446      -6737.341646850        635.212913073    5.79478833100    0.42825011300    5.01966771000
  2026-08-25T02:19:59.999999       1317.820566925      -6387.467665096       1801.566719954    5.59886445100    2.46935237600    4.63959551800
  2026-08-25T02:23:59.999999       2596.416081241      -5566.667041269       2834.708533475    4.99017482200    4.32824752200    3.91651271000
  2026-08-25T02:28:00.000000       3683.625820092      -4335.536254620       3658.297799537    4.01390767600    5.86761959400    2.90420414300
  2026-08-25T02:32:00.000000       4499.401449123      -2784.916177890       4211.544036382    2.74223224900    6.97424085700    1.67763728300
  2026-08-25T02:35:59.999999       4983.716023741      -1029.119051213       4453.643043600    1.26878349800    7.56688893100    0.32736543000
  2026-08-25T02:39:59.999999       5100.924774652        802.484986725       4366.742837178   -0.29810807400    7.60209390100   -1.04706877600
  2026-08-25T02:44:00.000000       4842.358320561       2574.966011860       3957.230666608   -1.84336572500    7.07718855100   -2.34442847000
  2026-08-25T02:48:00.000000       4226.960722465       4157.686725751       3255.275933557   -3.25331014200    6.03046901700   -3.46897230000
  2026-08-25T02:51:59.999999       3299.961144633       5433.898289859       2312.660199949   -4.42392803200    4.53870149400   -4.33743972400
  2026-08-25T02:55:59.999999       2129.622573271       6309.391689879       1199.017779980   -5.26852278600    2.71188644100   -4.88529477700
  2026-08-25T03:00:00.000000        802.235205923       6719.580762338         -3.302616505   -5.72453458400    0.68528965500   -5.07183158300
  2026-08-25T03:04:00.000000       -584.297989843       6634.356286561      -1205.390490139   -5.75840918500   -1.39087514000   -4.88342619900
  2026-08-25T03:08:00.000000      -1927.788464628       6060.307802702      -2318.432198950   -5.36818232200   -3.36297891700   -4.33448669000
  2026-08-25T03:11:59.999999      -3129.381650547       5040.130539140      -3260.337077827   -4.58338330600   -5.08568005000   -3.46624693500
  2026-08-25T03:15:59.999999      -4100.861443229       3649.301848069      -3961.810219371   -3.46250917400   -6.43282642300   -2.34336519800
  2026-08-25T03:20:00.000000      -4771.066544479       1990.348742605      -4371.383848758   -2.08824536200   -7.30645690200   -1.04878073800
  2026-08-25T03:24:00.000000      -5090.971461246        185.246050414      -4459.073629711   -0.56124570600   -7.64334546100    0.32251201600
  2026-08-25T03:27:59.999999      -5037.152176653      -1633.457682734      -4218.474572768    1.00705961600   -7.41909529700    1.67016042600
  2026-08-25T03:31:59.999999      -4613.449014355      -3332.203443902      -3667.206483260    2.50220326700   -6.64972778500    2.89547041400
  2026-08-25T03:36:00.000000      -3850.745712125      -4786.069333595      -2845.687834911    3.81463833600   -5.39084954600    3.90830155500
  2026-08-25T03:40:00.000000      -2804.831041047      -5887.898432366      -1814.273355663    4.84764058600   -3.73406564200    4.63368511000
  2026-08-25T03:43:59.999999      -1552.437152956      -6556.243710590       -648.915706874    5.52453159600   -1.80077935100    5.01745515900
  2026-08-25T03:47:59.999999       -185.674958698      -6741.528568872        564.380865948    5.79470261200    0.26645345900    5.03060640600
  2026-08-25T03:52:00.000000       1194.767512390      -6429.873925668       1735.946649555    5.63778829800    2.31463750500    4.67183620500
  2026-08-25T03:56:00.000000       2487.132438502      -5644.189601490       2779.162385339    5.06527324300    4.19216114700    3.96768244400
  2026-08-25T03:59:59.999999       3596.169325516      -4442.456997722       3616.929825107    4.11956570200    5.76022959400    2.97044395900
  2026-08-25T04:03:59.999999       4440.206261524      -2913.357184932       4187.400724153    2.87063398700    6.90339589000    1.75405742500
  2026-08-25T04:08:00.000000       4957.138083401      -1169.625002831       4448.507439182    1.41051579400    7.53783844700    0.40836083700
  2026-08-25T04:12:00.000000       5108.917485168        660.275545818       4380.991628183   -0.15354773700    7.61702108300   -0.96753713700
  2026-08-25T04:15:59.999999       4884.314161230       2441.533602391       3989.798618149   -1.70664541600    7.13494381300   -2.27224710400
  2026-08-25T04:19:59.999999       4299.769161132       4042.856912523       3303.743274826   -3.13451749000    6.12677394500   -3.40947930200
  2026-08-25T04:24:00.000000       3398.236999557       5346.121610758       2373.431743517   -4.33181376400    4.66644372000   -4.29503674200
  2026-08-25T04:28:00.000000       2246.098530173       6255.118976384       1267.587656645   -5.20990569100    2.86159828500   -4.86311262300
  2026-08-25T04:31:59.999999        928.301554344       6702.773605857         67.986836095   -5.70371147400    0.84584436400   -5.07147554900
  2026-08-25T04:35:59.999999       -457.944262353       6656.199186111      -1136.646485337   -5.77684733800   -1.23134441600   -4.90485911800
  2026-08-25T04:40:00.000000      -1810.454249094       6119.131821177      -2257.299282259   -5.42442446700   -3.21623557600   -4.37608047600
  2026-08-25T04:44:00.000000      -3029.684025759       5131.547170430      -3211.308676270   -4.67318818100   -4.96248272400   -3.52489315000
  2026-08-25T04:47:59.999999      -4026.098173646       3766.541616017      -3928.479271901   -3.57919665600   -6.34213173300   -2.41471798000
  2026-08-25T04:51:59.999999      -4726.692054693       2124.775420312      -4356.184951118   -2.22324748800   -7.25479556000   -1.12760266500
  2026-08-25T04:56:00.000000      -5080.219781383        326.985142056      -4463.117305913   -0.70471982500   -7.63444538000    0.24195890700
  2026-08-25T05:00:00.000000      -5060.806386363      -1494.812591016      -4241.468287041    0.86557186100   -7.45362548900    1.59376928100
  2026-08-25T05:03:59.999999      -4669.781845982      -3206.842219752      -3707.467740053    2.37304851200   -6.72522362100    2.82885751000
  2026-08-25T05:07:59.999999      -3935.630466209      -4683.220854729      -2900.258941833    3.70733499500   -5.50180685800    3.85641104700
  2026-08-25T05:12:00.000000      -2912.037167830      -5815.143226253      -1879.134973502    4.77008314600   -3.87234890200    4.60035090500
  2026-08-25T05:16:00.000000      -1674.087099117      -6518.960160766       -719.287682198    5.48248106100   -1.95626937900    5.00516514200
  2026-08-25T05:19:59.999999       -312.811175908      -6742.486379736        493.698063100    5.79131681900    0.10525076000    5.04032073400
  2026-08-25T05:23:59.999999       1071.511273158      -6469.011321224       1670.179466031    5.67330625700    2.15964764800    4.70283289500
  2026-08-25T05:28:00.000000       2376.834247218      -5718.628861649       2723.174483397    5.13708101800    4.05478866300    4.01768102400
  2026-08-25T05:32:00.000000       3506.958689187      -4546.715009491       3574.864860694    4.22239580300    5.65065879200    3.03574374600
  2026-08-25T05:35:59.999999       4378.655204905      -3039.742205539       4162.365126385    2.99686647100    6.82969828300    1.82977722500
  2026-08-25T05:39:59.999999       4927.774024575      -1308.829006549       4442.339662449    1.55085911300    7.50536768500    0.48890809800
  2026-08-25T05:44:00.000000       5113.906845578        518.497432685       4394.148428970   -0.00937431500    7.62819115000   -0.88803355300
  2026-08-25T05:48:00.000000       4923.298272069       2307.632576329       4021.319347050   -1.56929693400    7.18901447100   -2.19967940600
  2026-08-25T05:51:59.999999       4369.871752262       3926.710894091       3351.301504082   -3.01414496400    6.21973975500   -3.34922786100
  2026-08-25T05:55:59.999999       3494.286833624       5256.294545790       2433.514180286   -4.23729844400    4.79144967600   -4.25157432700
  2026-08-25T06:00:00.000000       2361.008133279       6198.234368253       1335.747852847   -5.14823172000    3.00940376800   -4.83968195600
  2026-08-25T06:04:00.000000       1053.590844735       6683.012526620        139.177889385   -5.67942502300    1.00548065700   -5.06980233100
  2026-08-25T06:08:00.000000       -331.518342633       6674.992607074      -1067.690793603   -5.79170493500   -1.07168981800   -4.92503107700
  2026-08-25T06:11:59.999999      -1692.204199588       6175.061937141      -2195.666389020   -5.47726884900   -3.06832476400   -4.41654803200
  2026-08-25T06:15:59.999999      -2928.308340539       5220.465625843      -3161.535112498   -4.76008417700   -4.83718575000   -3.58263422600
  2026-08-25T06:20:00.000000      -3949.039937755       3881.878772510      -3894.217511733   -3.69368854000   -6.24862514000   -2.48543797000
  2026-08-25T06:24:00.000000      -4679.594091243       2258.032566014      -4339.937992747   -2.35687730100   -7.19986739900   -1.20607923200
  2026-08-25T06:27:59.999999      -5066.518012110        468.371970327      -4466.065368087   -0.84768717400   -7.62203121200    0.16145208100
  2026-08-25T06:31:59.999999      -5081.497911331      -1355.668692092      -4263.396238384    0.72368094300   -7.48462490000    1.51707295700
  2026-08-25T06:36:00.000000      -4723.356339389      -3080.159915853      -3746.779400768    2.24260308700   -6.79745118700    2.76159433000
  2026-08-25T06:40:00.000000      -4018.166619264      -4578.326227003      -2954.072441210    3.59792425500   -5.61003015800    3.80357830000
  2026-08-25T06:43:59.999999      -3017.476753396      -5739.774616921      -1943.489879691    4.68982790200   -4.00864904600    4.56589204100
  2026-08-25T06:47:59.999999      -1794.669642452      -6478.680496857       -789.437631042    5.43732262500   -2.11057530400    4.99162765400
  2026-08-25T06:52:00.000000       -439.658084396      -6740.276288351        422.928228085    5.78461098700   -0.05572422700    5.04873953400
  2026-08-25T06:56:00.000000        947.753187633      -6505.041456633       1604.022841180    5.70558739800    2.00393974300    4.73261213400
  2026-08-25T06:59:59.999999       2265.288648616      -5790.233280113       2666.520334094    5.20593054900    3.91588036500    4.06658887400
  2026-08-25T07:03:59.999999       3415.837783401      -4648.603571473       3531.891813784    4.32269892600    5.53874763100    3.10014044200
  2026-08-25T07:08:00.000000       4314.665299499      -3164.403606094       4136.242700613    3.12125582700    6.75302578300    1.90493336300
  2026-08-25T07:12:00.000000       4895.620838693      -1447.068329889       4434.993333886    1.69013388400    7.46956905700    0.56924444000
  2026-08-25T07:15:59.999999       5115.951568607        376.860601810       4406.111982808    0.13458006000    7.63584100600   -0.80844868700
  2026-08-25T07:19:59.999999       4959.397955320       2173.021579266       4051.708574604   -1.43120707600    7.23957422300   -2.12665794300
  2026-08-25T07:24:00.000000       4437.381354480       3809.052110538       3397.882511037   -2.89212552600    6.30958344600   -3.28816592700
  2026-08-25T07:28:00.000000       3588.230678354       5164.275760361       2492.850324637   -4.14039868700    4.91394721900   -4.20700487200
  2026-08-25T07:31:59.999999       2474.453553819       6138.648266578       1403.454363215   -5.08362416000    3.15549657400   -4.81492899300
  2026-08-25T07:35:59.999999       1178.162862754       6660.251198551        210.248297234   -5.65189089500    1.16434951400   -5.06670147900
  2026-08-25T07:40:00.000000       -205.015848594       6690.716287645       -998.510572182   -5.80323926200   -0.91183681400   -4.94377556500
  2026-08-25T07:44:00.000000      -1573.097170370       6228.083916751      -2133.480473557   -5.52696963200   -2.91928939800   -4.45571660400
  2026-08-25T07:47:59.999999      -2825.360426486       5306.848078285      -3110.920351949   -4.84419608900   -4.70992173900   -3.63928614500
  2026-08-25T07:51:59.999999      -3869.807317102       3995.243331563      -3858.887794486   -3.80598785700   -6.15242187700   -2.55537978300
  2026-08-25T07:56:00.000000      -4629.884667251       2390.029227072      -4322.480092801   -2.48908574100   -7.14174648000   -1.28414714200
  2026-08-25T08:00:00.000000      -5049.967162959        609.296519460      -4467.747730066   -0.99009424500   -7.60620279300    0.08100216900
  2026-08-25T08:03:59.999999      -5099.305803814      -1216.162923291      -4284.082237203    0.58152161700   -7.51218976600    1.44012486000
  2026-08-25T08:07:59.999999      -4774.211062524      -2952.305921737      -3784.948915659    2.11105760100   -6.86640703000    2.69373868000
  2026-08-25T08:12:00.000000      -4098.343986461      -4471.522129761      -3006.927783270    3.48662823800   -5.71542832100    3.74981547300
  2026-08-25T08:16:00.000000      -3121.091421760      -5661.894402525      -2007.141750345    4.60702997300   -4.14279464600    4.53025318400
  2026-08-25T08:19:59.999999      -1914.096162175      -6435.472986809       -859.182787874    5.38917661600   -2.26356433600    4.97680508100
  2026-08-25T08:23:59.999999       -566.097741617      -6734.923059649        352.246351714    5.77467811200   -0.21623845000    5.05580612600
  2026-08-25T08:28:00.000000        823.617536482      -6537.932277612       1537.627459852    5.73460564600    1.84772768100    4.76104556000
  2026-08-25T08:32:00.000000       2152.608291597      -5858.936510395       2609.316984017    5.27178338900    3.77551029900    4.11427795600
  2026-08-25T08:35:59.999999       3322.919638079      -4748.040071854       3488.101782453    4.42050068300    5.42458181300    3.16352793700
  2026-08-25T08:39:59.999999       4248.349189129      -3287.237029222       4109.089654102    3.24377134300    6.67341090600    1.97933540900
  2026-08-25T08:44:00.000000       4860.790467902      -1584.252270706       4426.481330376    1.82838096200    7.43034822000    0.64922715600
  2026-08-25T08:48:00.000000       5115.174709409        235.433790072       4416.875119400    0.27835916000    7.63992053400   -0.72880181200
  2026-08-25T08:51:59.999999       4992.738114244       2037.771248184       4080.955516691   -1.29242505900    7.28663882800   -2.05322664300
  2026-08-25T08:55:59.999999       4502.404728830       3689.941452474       3443.459899141   -2.76850505900    6.39620608600   -3.22634760200
  2026-08-25T09:00:00.000000       3680.175873978       5070.100792578       2551.403434081   -4.04107206700    5.03384639800   -4.16136734000
  2026-08-25T09:04:00.000000       2586.560816385       6076.381862281       1470.666088234   -5.01598709200    3.29985758100   -4.78887048900
  2026-08-25T09:08:00.000000       1302.169959822       6634.512906851        281.150999767   -5.62098105400    1.32248946400   -5.06219355100
  2026-08-25T09:11:59.999999        -78.255935673       6703.416540133       -929.160028070   -5.81134919100   -0.75164471600   -4.96113508900
  2026-08-25T09:15:59.999999      -1452.931478286       6278.287877387      -2070.804792546   -5.57346277900   -2.76888193900   -4.49363283900
  2026-08-25T09:20:00.000000      -2720.640085224       5390.856660898      -3059.542711003   -4.92561702200   -4.58036740300   -3.69493445600
  2026-08-25T09:24:00.000000      -3788.239892806       4106.870534351      -3822.591438531   -3.91630514900   -6.05322798400   -2.62462275600
  2026-08-25T09:27:59.999999      -4577.466612301       2521.070956774      -4303.932424284   -2.62018160800   -7.08015041800   -1.36190186200
  2026-08-25T09:31:59.999999      -5030.552576447        750.127562730      -4468.315286124   -1.13233448400   -7.58671906400    0.00044661200
  2026-08-25T09:36:00.000000      -5114.327714156      -1075.883292868      -4303.727610661    0.43856032200   -7.53625014600    1.36268199400
  2026-08-25T09:40:00.000000      -4822.574820942      -2822.881229021      -3822.232338163    1.97787894300   -6.93223872500    2.62509546200
  2026-08-25T09:43:59.999999      -4176.509737040      -4362.460059802      -3059.120723534    3.37298788400   -5.81825715800    3.69498270100
  2026-08-25T09:47:59.999999      -3223.329639316      -5581.230286043      -2070.417168011    4.52131870100   -4.27516790400    4.49331792100
  2026-08-25T09:52:00.000000      -2032.889532495      -6389.168841571       -928.878666625    5.33780085600   -2.41574907700    4.96058304600
  2026-08-25T09:56:00.000000       -692.686587017      -6726.399786813        281.284425605    5.76149075000   -0.37692037200    5.06153527400
  2026-08-25T09:59:59.999999        698.570217921      -6567.799940542       1470.644919406    5.76055304800    1.69046976900    4.78826757500
  2026-08-25T10:03:59.999999       2038.316618804      -5924.966011910       2551.258263093    5.33490377700    3.63328036500    4.16095374000
  2026-08-25T10:08:00.000000       3227.795753041      -4845.340332363       3443.246281687    4.51612602000    5.30784171500    3.22619714700
  2026-08-25T10:12:00.000000       4179.390359126      -3408.612559139       4080.737424856    3.36483212200    6.59075382800    2.05333407100
  2026-08-25T10:15:59.999999       4823.059036782      -1720.743697374       4416.706510148    1.96593880600    7.38779423900    0.72908469500
  2026-08-25T10:19:59.999999       5111.436997336         93.879189623       4426.388663553    0.42234201000    7.64055722700   -0.64890764100
  2026-08-25T10:24:00.000000       5023.266591827       1901.583973162       4109.057216345   -1.15262413100    7.33045688700   -1.97918058700
  2026-08-25T10:28:00.000000       4564.948623287       3569.161320205       3488.076157303   -2.64315431600    6.47998503300   -3.16362944300
  2026-08-25T10:31:59.999999       3770.133428993       4973.634807099       2609.235716550   -3.93938188600    5.15142679400   -4.11463693900
  2026-08-25T10:35:59.999999       2697.318264041       6011.347731314       1537.434194501   -4.94542251400    3.44259928800   -4.76160464200
  2026-08-25T10:40:00.000000       1425.579943883       6605.719207546        351.909243344   -5.58676447800    1.47988306800   -5.05641344000
  2026-08-25T10:44:00.000000         48.719789520       6712.999374146       -859.651808554   -5.81603816800   -0.59122156600   -4.97726456100
  2026-08-25T10:47:59.999999      -1331.744597745       6325.545383540      -2007.690370804   -5.61670610700   -2.61729269100   -4.53044265800
  2026-08-25T10:51:59.999999      -2614.163202223       5472.307673345      -3007.482610320   -5.00419834500   -4.44877143900   -3.74967482400
  2026-08-25T10:56:00.000000      -3704.304498032       4216.519317626      -3785.426772743   -4.02440354700   -5.95128409600   -2.69324022700
  2026-08-25T11:00:00.000000      -4522.240513487       2650.858408759      -4284.402519278   -2.74985592200   -7.01529999200   -1.43933087600
  2026-08-25T11:03:59.999999      -5008.099707934        890.524404334      -4467.861244320   -1.27409024900   -7.56369987700   -0.08011339000
  2026-08-25T11:07:59.999999      -5126.309837873       -935.184665711      -4322.392283809    0.29512619300   -7.55677884300    1.28490476600
  2026-08-25T11:12:00.000000      -4868.126872363      -2692.219099041      -3858.652539370    1.84329110500   -6.99484076000    2.55582686000
  2026-08-25T11:16:00.000000      -4252.298467957      -4251.442251232      -3110.624565573    3.25715916600   -5.91834674400    3.63932681200
  2026-08-25T11:19:59.999999      -3323.797692799      -5498.025639264      -2133.224916171    4.43275344400   -4.40543926300    4.45535633100
  2026-08-25T11:23:59.999999      -2150.660940970      -6339.921035316       -998.373319207    5.28308902100   -2.56670400900    4.94319290400
  2026-08-25T11:28:00.000000       -819.085319736      -6714.752990616        210.237965672    5.74476507000   -0.53735179600    5.06607495000
  2026-08-25T11:32:00.000000        572.871332472      -6594.601651153       1403.301356102    5.78306954100    1.53249622100    4.81438521600
  2026-08-25T11:35:59.999999       1922.590451945      -5988.208054126       2492.590225184    5.39496355000    3.48947397900    4.20667466400
  2026-08-25T11:39:59.999999       3130.561617852      -4940.318184123       3397.573025015    4.60920395600    5.18881019300    3.28808892100
  2026-08-25T11:44:00.000000       4107.788266882      -3528.292488322       4051.409239864    3.48403242000    6.50519852200    2.12680504700
  2026-08-25T11:48:00.000000       4782.337234527      -1856.286639492       4405.863116042    2.10248398000    7.34197625100    0.80869894300
  2026-08-25T11:51:59.999999       5104.568306253        -47.526035018       4434.803279486    0.56616142000    7.63779686600   -0.56903039400
  2026-08-25T11:55:59.999999       5050.735083903       1764.727936277       4136.087073906   -1.01205572400    7.37090301600   -1.90488122800
  2026-08-25T12:00:00.000000       4624.722994127       3446.935044561       3531.718061055   -2.51617693800    6.56070326400   -3.10034945600
  2026-08-25T12:04:00.000000       3857.800364407       4875.048137746       2666.265989617   -3.83536774600    5.26649473700   -4.06704492700
  2026-08-25T12:08:00.000000       2806.402109539       5943.672141533       1603.636394288   -4.87206601600    3.58352006500   -4.73323439400
  2026-08-25T12:11:59.999999       1548.023362671       6573.938997501        422.389968125   -5.54947769200    1.63623300100   -5.04935073100
  2026-08-25T12:15:59.999999        175.484881309       6719.443039288       -790.101517404   -5.81751858500   -0.43101698900   -4.99203260500
  2026-08-25T12:20:00.000000      -1209.994852813       6369.717082188      -1944.210030237   -5.65675540100   -2.46503997000   -4.56594227700
  2026-08-25T12:24:00.000000      -2506.381781849       5550.937555842      -2954.758389939   -5.07982436500   -4.31563452300   -3.80324346200
  2026-08-25T12:27:59.999999      -3618.409808281       4323.815591968      -3747.341564609   -4.13004133100   -5.84700886400   -2.76090584300
  2026-08-25T12:31:59.999999      -4464.539590034       2778.927168700      -4263.756783417   -2.87771087600   -6.94752832100   -1.51609478100
  2026-08-25T12:36:00.000000      -4982.823826657       1029.958217205      -4466.171470241   -1.41479019200   -7.53734848700   -0.16034628600
  2026-08-25T12:40:00.000000      -5135.320443509       -794.622858412      -4339.785750344    0.15186019600   -7.57378771400    1.20708762000
  2026-08-25T12:43:59.999999      -4910.775024783      -2560.854301899      -3893.856654881    1.70797595800   -7.05400881000    2.48613798100
  2026-08-25T12:47:59.999999      -4325.461227636      -4138.936047538      -3161.056208521    3.13975905300   -6.01537229900    3.58290944400
  2026-08-25T12:52:00.000000      -3422.102972338      -5412.660600501      -2195.173262591    4.34193153600   -4.53319043100    4.41639739700
  2026-08-25T12:56:00.000000      -2266.884308469      -6287.984044309      -1067.279231501    5.22551163700   -2.71581859100    4.92452271100
  2026-08-25T12:59:59.999999       -944.681179376      -6700.093725215        139.444229342    5.72474473500   -0.69696542200    5.06913418100
  2026-08-25T13:03:59.999999        447.163892297      -6618.329304633       1335.850259880    5.80217231600    1.37421126900    4.83901113100
  2026-08-25T13:08:00.000000       1806.051400777      -6048.584409526       2433.470228148    5.45179622000    3.34425116700    4.25104437500
  2026-08-25T13:12:00.000000       3031.797410630      -5032.889048992       3351.155457370    4.69956395000    5.06741270300    3.34890986600
  2026-08-25T13:15:59.999999       4034.082957170      -3646.221056922       4021.120793331    3.60118966900    6.41657034300    2.19955488700
  2026-08-25T13:19:59.999999       4739.117196483      -1990.882651882       4393.937698666    2.23781203400    7.29256535400    0.88803627400
  2026-08-25T13:24:00.000000       5095.026550599       -188.880539199       4442.130290794    0.70975774400    7.63125165900   -0.48892180400
  2026-08-25T13:28:00.000000       5075.592649831       1627.032522732       4162.139250316   -0.87076359700    7.40774791100   -1.82991470800
  2026-08-25T13:31:59.999999       4682.168884463       3323.050990065       3574.583660090   -2.38757165000    6.63824144600   -3.03607392700
  2026-08-25T13:35:59.999999       3943.629247105       4774.116770689       2722.789718271   -3.72891549600    5.37906166500   -4.01820770400
  2026-08-25T13:40:00.000000       2914.311738655       5873.160127968       1669.654902836   -4.79566252100    3.72288343000   -4.70344700500
  2026-08-25T13:44:00.000000       1670.069460985       6539.076800270        493.030782713   -5.50881281000    1.79210418600   -5.04086283100
  2026-08-25T13:47:59.999999        302.671212345       6722.824049952       -720.060011300   -5.81561284100   -0.27017387600   -5.00547576400
  2026-08-25T13:51:59.999999      -1087.047176478       6411.105644677      -1879.940632340   -5.69377032400   -2.31112483900   -4.60030311500
  2026-08-25T13:56:00.000000      -2396.739418202       5627.282170903      -2901.002823660   -5.15298546200   -4.18005646300   -3.85594602500
  2026-08-25T14:00:00.000000      -3530.136524656       4429.484211667      -3708.053932000   -4.23384561600   -5.73970463900   -2.82802658500
  2026-08-25T14:03:59.999999      -4404.113507805       2906.153835275      -4241.825823712   -3.00454602700   -6.87627934000   -1.59272653900
  2026-08-25T14:07:59.999999      -4954.686904966       1169.404501059      -4463.215506537   -1.55536956800   -7.50740112700   -0.24086032600
  2026-08-25T14:12:00.000000      -5141.545495957       -653.194622230      -4356.028256674    0.00784362400   -7.58732291500    1.12859487200
  2026-08-25T14:16:00.000000      -4950.921716464      -2427.830673131      -3928.114401572    1.57105205800   -7.11009086900    2.41543708400
  2026-08-25T14:19:59.999999      -4396.602342306      -4024.102151948      -3210.814449305    3.01999394900   -6.10993581600    3.52523917100
  2026-08-25T14:23:59.999999      -3519.027517857      -5324.475417175      -2256.772223534    4.24818062700   -4.65934310300    4.37601856200
  2026-08-25T14:28:00.000000      -2382.466710959      -6232.955712492      -1136.175198050    5.16474576800   -2.86425278700    4.90447444700
  2026-08-25T14:32:00.000000      -1070.418179093      -6682.277583181         68.339644835    5.70140135500   -0.85672747500    5.07089094900
  2026-08-25T14:35:59.999999        320.517058888      -6639.049388914       1267.793383388    5.81799230100    1.21482739900    4.86250530200
  2026-08-25T14:39:59.999999       1687.819299382      -6106.325170130       2373.505721787    5.50567134900    3.19705260800    4.29456769800
  2026-08-25T14:44:00.000000       2930.692070849      -5123.393643924       3303.727877619    4.78753260900    4.94326410700    3.40920625100
  2026-08-25T14:48:00.000000       3957.560661947      -3762.820097536       3989.740303431    3.71682178300    6.32463004000    2.27215292000
  2026-08-25T14:51:59.999999       4692.827836627      -2124.971856744       4380.922467549    2.37254890800    7.23963576500    0.96752412200
  2026-08-25T14:55:59.999999       5082.382007274       -330.579687992       4448.436523766    0.85367236100    7.62115619200   -0.40838182800
  2026-08-25T15:00:00.000000       5097.537970756       1488.158550962       4187.311124939   -0.72820510500    7.44125535100   -1.75421161200
  2026-08-25T15:04:00.000000       4737.109919328       3197.242511871       3616.779157160   -2.25687164100    6.71295439100   -2.97079849000
  2026-08-25T15:08:00.000000       4027.535920167       4670.665330432       2778.903029191   -3.61973193800    5.48949798100   -3.96822626100
  2026-08-25T15:11:59.999999       3021.013306513       5799.707089933       1735.542949657   -4.71606465900    3.86088308000   -4.67248127000
  2026-08-25T15:15:59.999999       1791.712485563       6501.048402438        563.822570893   -5.46467293100    1.94748082900   -5.03122199100
  2026-08-25T15:20:00.000000        430.296886398       6723.029113895       -649.601912479   -5.81021373700   -0.10892334900   -5.01788211100
  2026-08-25T15:24:00.000000       -962.842441465       6449.517290978      -1815.026869633   -5.72748365700   -2.15596394600   -4.63379896100
  2026-08-25T15:27:59.999999      -2285.091861729       5701.048192541      -2846.421317389   -5.22325997800   -4.04241318800   -3.90801259500
  2026-08-25T15:31:59.999999      -3439.248955767       4533.153958012      -3667.821209047   -4.33549598000   -5.62969209800   -2.89478096400
  2026-08-25T15:36:00.000000      -4340.651759278       3032.079030791      -4218.885837094   -3.13001782200   -6.80196010200   -1.66917774000
  2026-08-25T15:40:00.000000      -4923.285512350       1308.321923342      -4459.229991828   -1.69543228100   -7.47409955400   -0.32140231800
  2026-08-25T15:43:59.999999      -5144.494177386       -511.483177493      -4371.276963985   -0.13657750600   -7.59748930700    1.04984503100
  2026-08-25T15:47:59.999999      -4987.992065760      -2293.731139250      -3961.464871480    1.43286968500   -7.16296664900    2.34426269600
  2026-08-25T15:52:00.000000      -4465.067824519      -3907.464846679      -3259.808408896    2.89816900900   -6.20169995600    3.46686616400
  2026-08-25T15:56:00.000000      -3613.852205388      -5233.882208021      -2317.792455763    4.15169681200   -4.78326614600    4.33478982600
  2026-08-25T15:59:59.999999      -2496.674009859      -6175.074041899      -1204.714655009    5.10071219000   -3.01124605200    4.88343817600
  2026-08-25T16:03:59.999999      -1195.596468921      -6661.371728761         -2.650072428    5.67458192500   -1.01595186600    5.07163676600
  2026-08-25T16:08:00.000000        193.594113652      -6656.649534762       1199.605580559    5.83035941500    1.05515999100    4.88496187500
  2026-08-25T16:12:00.000000       1568.499025670      -6161.116148585       2313.160371340    5.55626044200    3.04870096500    4.33706048900
  2026-08-25T16:15:59.999999       2827.755082594      -5211.326253955       3255.687377389    4.87262433200    4.81714125400    3.46861579400
  2026-08-25T16:19:59.999999       3878.578488336      -3877.405398415       3957.555649833    3.83012956700    6.22999919200    2.34405417800
  2026-08-25T16:24:00.000000       4643.617576580      -2257.772881983       4366.973859366    2.50581979100    7.18342915800    1.04665614800
  2026-08-25T16:28:00.000000       5066.580853112       -471.805101629       4453.762082482    0.99707743000    7.60758526700   -0.32790383100
  2026-08-25T16:31:59.999999       5116.313346081       1348.920234851       4211.514001501   -0.58524876600    7.47126732100   -1.67834365900
  2026-08-25T16:35:59.999999       4789.087365354       3070.247547868       3658.076202719   -2.12485424000    6.78435631200   -2.90509775800
  2026-08-25T16:40:00.000000       4108.897279790       4565.282151354       2834.252862607   -3.50840703700    5.59708674600   -3.91755282700
  2026-08-25T16:44:00.000000       3125.763469341       5723.717342319       1800.859058806   -4.63369607500    3.99671337100   -4.64062064100
  2026-08-25T16:47:59.999999       1912.121786376       6460.056073855        634.275051881   -5.41735260700    2.10147442000   -5.02054198900
  2026-08-25T16:51:59.999999        557.483042207       6720.039926647       -579.221002688   -5.80140603900    0.05180736200   -5.02915169000
  2026-08-25T16:56:00.000000       -838.252631991       6484.724003460      -1749.913096654   -5.75778723000   -2.00036473100   -4.66614477700
  2026-08-25T17:00:00.000000      -2172.268130846       5771.826003085      -2791.371535911   -5.29038752800   -3.90341842800   -3.95900412700
  2026-08-25T17:03:59.999999      -3346.478116512       4634.260589839      -3626.878369475   -4.43442834500   -5.51749136200   -2.96061183000
  2026-08-25T17:07:59.999999      -4274.730157960       3156.058736532      -4195.046010216   -3.25345444900   -6.72472514200   -1.74499520000
  2026-08-25T17:12:00.000000      -4889.035714143       1446.048689223      -4454.230025473   -1.83429284300   -7.43747074500   -0.40160399900
  2026-08-25T17:16:00.000000      -5144.410108362       -370.126918878      -4385.462461537   -0.28069511700   -7.60404789400    0.97113795400
  2026-08-25T17:19:59.999999      -5022.076786871      -2159.119181337      -3993.785917153    1.29400217100   -7.21227412200    2.27277147800
  2026-08-25T17:23:59.999999      -4530.820761680      -3789.488761938      -3307.888475029    2.77476089700   -6.29018286300    3.40784346100
  2026-08-25T17:28:00.000000      -3706.446619990      -5141.226437618      -2378.094472842    4.05281532100   -4.90449851200    4.29260199200
  2026-08-25T17:32:00.000000      -2609.300638255      -6114.575361911      -1272.791061909    5.03370131600   -3.15632981700    4.86124409800
  2026-08-25T17:35:59.999999      -1319.956779056      -6637.497374552        -73.473446985    5.64441268200   -1.17418360000    5.07107921600
  2026-08-25T17:39:59.999999         66.667996343      -6671.165747110       1131.267865358    5.83928806000    0.89546137300    4.90610920500
  2026-08-25T17:44:00.000000       1448.371472680      -6212.948373793       2252.360341494    5.60362691700    2.89936567200    4.37832876700
  2026-08-25T17:48:00.000000       2723.279307614      -5296.644862855       3206.912602068    4.95488590200    4.68915046800    3.52694398000
  2026-08-25T17:51:59.999999       3797.448829511      -3989.918322693       3924.408441812    3.94120476800    6.13276533100    2.41514970500
  2026-08-25T17:55:59.999999       4591.801518860      -2389.192686008       4351.902170501    2.63753064000    7.12406246400    1.12526441700
  2026-08-25T18:00:00.000000       5047.901922988       -612.463851683       4457.888559380    1.13981212000    7.59045552600   -0.24751090600
  2026-08-25T18:04:00.000000       5132.165001915       1209.388486221       4234.552106081   -0.44202123800    7.49774460000   -1.60213278000
  2026-08-25T18:08:00.000000       4838.307116980       2942.138190389       3698.327826906   -1.99173044700    6.85246046300   -2.83874911900
  2026-08-25T18:11:59.999999       4187.864937711       4458.038937663       2888.745809906   -3.39516251100    5.70179720200   -3.86596062400
  2026-08-25T18:15:59.999999       3228.669954284       5645.252509478       1865.567309044   -4.54869434600    4.13033914800   -4.60761917100
  2026-08-25T18:20:00.000000       2031.383913945       6416.160074860        704.413020256   -5.36690994500    2.25413439800   -5.00857900600
  2026-08-25T18:24:00.000000        684.302842470       6713.944494772       -508.841373608   -5.78925145600    0.21218876600   -5.03910763700
  2026-08-25T18:27:59.999999       -713.224763339       6516.857430011      -1684.492383264   -5.78476927700   -1.84414981800   -4.69724759300
  2026-08-25T18:31:59.999999      -2058.233679940       5839.791095366      -2735.732779515   -5.35443956300   -3.76287422800   -4.00890703400
  2026-08-25T18:36:00.000000      -3251.812597455       4733.029647762      -3585.113447490   -4.53078431000   -5.40291645700   -3.02560578100
  2026-08-25T18:40:00.000000      -4206.375768035       3278.349736156      -4170.218040364   -3.37500063700   -6.64447364000   -1.82026780900
  2026-08-25T18:43:59.999999      -4851.998032051       1582.871451804      -4448.153908007   -1.97211957400   -7.39736375800   -0.48164101300
  2026-08-25T18:47:59.999999      -5141.403144478       -228.822677060      -4398.582004932   -0.42470828500   -7.60704217500    0.89220225900
  2026-08-25T18:52:00.000000      -5053.319475977      -2023.711687122      -4025.132104417    1.15434616600   -7.25811746900    2.20075133000
  2026-08-25T18:56:00.000000      -4594.032439932      -3669.924646416      -3355.156189538    2.64965016100   -6.37556968600    3.34799830900
  2026-08-25T18:59:59.999999      -3797.000589863      -5046.309172250      -2437.811781669    3.95148656400   -5.02324405700    4.24934763400
  2026-08-25T19:03:59.999999      -2720.547351688      -6051.312708218      -1340.560423355    4.96366885700   -3.29974342500    4.83782574300
  2026-08-25T19:08:00.000000      -1443.707344299      -6610.569366004       -144.288249821    5.61091014000   -1.33167104700    5.06928399200
  2026-08-25T19:12:00.000000        -60.461116919      -6682.560897295       1062.645378331    5.84480573900    0.73556927100    4.92605493000
  2026-08-25T19:15:59.999999       1327.237633683      -6261.822382526       2191.001740523    5.64775838000    2.74886762400    4.41853860000
  2026-08-25T19:19:59.999999       2617.072364833      -5379.384571679       3157.349936489    5.03436945300    4.55918523300    3.58441523600
  2026-08-25T19:24:00.000000       3713.992759957      -4100.409484693       3890.295165854    4.05012728900    6.03290174900    2.48562730200
  2026-08-25T19:28:00.000000       4537.230507229      -2519.281305897       4335.749531562    2.76782357400    7.06161325500    1.20352891800
  2026-08-25T19:31:59.999999       5026.218708458       -752.565282289       4460.878622817    1.28189719300    7.56995812100   -0.16723436200
  2026-08-25T19:35:59.999999       5144.965377452       1069.581578990       4256.464398305   -0.29850776000    7.52070356800   -1.52569477800
  2026-08-25T19:40:00.000000       4884.660275440       2812.930751252       3737.555700791   -1.85738436100    6.91729745800   -2.77179557600
  2026-08-25T19:44:00.000000       4264.350709320       4348.968429439       2942.394644410   -3.27996197500    5.80371975700   -3.81348851400
  2026-08-25T19:47:59.999999       3329.638212282       5564.361385362       1929.668823546   -4.46112724100    4.26178214900   -4.57352422500
  2026-08-25T19:51:59.999999       2149.384853618       6369.403728718        774.224460992   -5.31341957200    2.40538154500   -4.99539382200
  2026-08-25T19:56:00.000000        810.632279130       6704.753071317       -438.487641127   -5.77376238100    0.37203904900   -5.04779842500
  2026-08-25T20:00:00.000000       -587.877881761       6545.880337894      -1618.799835974   -5.80838590500   -1.68753044300   -4.72715205800
  2026-08-25T20:03:59.999999      -1943.094130821       5904.849562123      -2679.549641304   -5.41534033600   -3.62104165300   -4.05773928100
  2026-08-25T20:07:59.999999      -3155.334406819       4829.300856900      -3542.567433296   -4.62442990100   -5.28624049800   -3.08971053300
  2026-08-25T20:12:00.000000      -4135.630687270       3398.731597829      -4144.424752822   -3.49447266900   -6.56145333600   -1.89490592900
  2026-08-25T20:16:00.000000      -4812.163181594       1718.509168447      -4440.994680644   -2.10864826800   -7.35402491400   -0.56133262300
  2026-08-25T20:19:59.999999      -5135.391336036        -87.890509515      -4410.573376870   -0.56831037700   -7.60652338700    0.81328292100
  2026-08-25T20:23:59.999999      -5081.571905156      -1887.832167787      -4055.392655517    1.01417420800   -7.30050121800    2.12836752500
  2026-08-25T20:28:00.000000      -4654.475323519      -3549.089303148      -3401.461487163    2.52322111600   -6.45777479900    3.28751288000
  2026-08-25T20:32:00.000000      -3885.197484210      -4949.404108180      -2496.748199204    3.84805952800   -5.13923976600    4.20522091700
  2026-08-25T20:35:59.999999      -2830.021363653      -5985.476902714      -1407.784689940    4.89088751600   -3.44106412800    4.81331529000
  2026-08-25T20:39:59.999999      -1566.404100910      -6580.666250522       -214.841191297    5.57420111900   -1.48793747700    5.06624075700
  2026-08-25T20:44:00.000000       -187.334327272      -6690.804015705        993.979845968    5.84693093100    0.57592555200    4.94472851900
  2026-08-25T20:48:00.000000       1205.548163652      -6307.599407127       2129.299694126    5.68856210500    2.59767025100    4.45753038000
  2026-08-25T20:51:59.999999       2509.542277587      -5459.306928326       3107.168368524    5.11081472100    4.42759415900    3.64082192300
  2026-08-25T20:55:59.999999       3628.544321678      -4208.574386100       3855.333987962    4.15656140900    5.93059468300    2.55527103100
  2026-08-25T21:00:00.000000       4480.155137394      -2647.704639111       4318.585958009    2.89635461400    6.99614169300    1.28126256300
  2026-08-25T21:04:00.000000       5001.705777296       -891.779449392       4462.768613284    1.42305513600    7.54606246000   -0.08716235300
  2026-08-25T21:08:00.000000       5154.813352874        929.828025764       4277.262398969   -0.15508828100    7.54012072400   -1.44917262500
  2026-08-25T21:11:59.999999       4928.149728747       2682.923259494       3775.724760893   -1.72218582700    6.97860553000   -2.70445299000
  2026-08-25T21:15:59.999999       4338.293992203       4238.288371366       2995.121289564   -3.16295831100    5.90249637800   -3.76027245400
  2026-08-25T21:20:00.000000       3428.590058424       5481.184967252       1993.062554875   -4.37103471800    4.39077671200   -4.53841418100
  2026-08-25T21:24:00.000000       2266.037626505       6319.869704034        843.593311079   -5.25691485100    2.55498785500   -4.98101322200
  2026-08-25T21:27:59.999999        936.372227795       6692.496975432       -368.275363179   -5.75500517400    0.53114341600   -5.05518850300
  2026-08-25T21:31:59.999999       -462.328143898       6571.771068423      -1552.928418409   -5.82870830000   -1.53071007900   -4.75569969500
  2026-08-25T21:36:00.000000      -1826.984628029       5966.941187329      -2622.867933399   -5.47319264000   -3.47806342300   -4.10529291700
  2026-08-25T21:40:00.000000      -3057.202757627       4922.977726224      -3499.234727085   -4.71544356100   -5.16761626300   -3.15269782000
  2026-08-25T21:43:59.999999      -4062.666798180       3517.071896213      -4117.604176944   -3.61189132200   -6.47580121400   -1.96866881700
  2026-08-25T21:47:59.999999      -4769.700228848       1852.801716212      -4432.633695240   -2.24384104500   -7.30754803600   -0.64045380700
  2026-08-25T21:52:00.000000      -5126.526527853         52.489646928      -4421.266967358   -0.71138308400   -7.60258448000    0.73459016700
  2026-08-25T21:56:00.000000      -5106.944770791      -1751.671482688      -4084.342754102    0.87368311800   -7.33938207900    2.05585630000
  2026-08-25T21:59:59.999999      -4712.222381743      -3427.147810038      -3446.535439292    2.39558965100   -6.53667406400    3.22648374100
  2026-08-25T22:03:59.999999      -3971.077181224      -4850.657074154      -2554.629189997    3.74271174300   -5.25243810600    4.16019708500
  2026-08-25T22:08:00.000000      -2937.710882177      -5917.198376245      -1474.200088092    4.81560632200   -3.58019304000    4.78765836800
  2026-08-25T22:12:00.000000      -1687.976560668      -6547.883973039       -284.888270256    5.53450611400   -1.64279336700    5.06181856100
  2026-08-25T22:15:59.999999       -313.837096420      -6695.945724580        925.471311778    5.84580254400    0.41670342900    4.96189497100
  2026-08-25T22:19:59.999999       1083.444624813      -6350.300286150       2067.393920873    5.72613365100    2.44585241300    4.49505355200
  2026-08-25T22:24:00.000000       2400.848438732      -5536.420275066       3056.446003761    5.18429972300    4.29441946300    3.69591876000
  2026-08-25T22:28:00.000000       3541.277072487      -4314.411299870       3819.546468720    4.26051907000    5.82588192700    2.62385288600
  2026-08-25T22:31:59.999999       4420.748021979      -2774.464948848       4300.377602822    3.02313058900    6.92756358800    1.35827851700
  2026-08-25T22:35:59.999999       4974.541517410      -1030.125443128       4463.493986785    1.56330549500    7.51869472700   -0.00738820500
  2026-08-25T22:40:00.000000       5161.899067679        790.088053007       4296.872186123   -0.01167635000    7.55594103900   -1.37253981500
  2026-08-25T22:44:00.000000       4968.977004506       2552.080678490       3812.783356622   -1.58615439200    7.03647878600   -2.63657688200
  2026-08-25T22:47:59.999999       4409.867919064       4125.988769950       3046.908603874   -3.04435446300    5.99818403900   -3.70616680500
  2026-08-25T22:51:59.999999       3525.649247656       5395.712393675       2055.771313559   -4.27858711900    4.51728433900   -4.50208392600
  2026-08-25T22:56:00.000000       2381.432285297       6267.546712818        912.598206542   -5.19752989700    2.70300341800   -4.96521354300
  2026-08-25T23:00:00.000000       1061.581345405       6677.185127744       -298.077150615   -5.73310209600    0.68962444000   -5.06109505000
  2026-08-25T23:03:59.999999       -336.546440658       6594.578214362      -1486.720409785   -5.84585911800   -1.37350720000   -4.78282926600
  2026-08-25T23:07:59.999999      -1709.900706081       6026.154941657      -2565.526434621   -5.52806542800   -3.33375580100   -4.15158879400
  2026-08-25T23:12:00.000000      -2957.429329840       5014.202765135      -3454.971032915   -4.80392499900   -5.04680274500   -3.21470484200
  2026-08-25T23:16:00.000000      -3987.527794102       3633.566652137      -4089.655981787   -3.72741836200   -6.38732127200   -2.04177578100
  2026-08-25T23:19:59.999999      -4724.695932338       1985.984322290      -4423.029609373   -2.37788790600   -7.25779725300   -0.71927523600
  2026-08-25T23:23:59.999999      -5114.943945951        192.577036204      -4430.692144981   -0.85414405100   -7.59515009400    0.65580369000
  2026-08-25T23:28:00.000000      -5129.629696325      -1614.963833437      -4112.095696478    0.73263385800   -7.37481323100    1.98284731200
  2026-08-25T23:32:00.000000      -4767.516001522      -3303.863035778      -3490.576437769    2.26657093300   -6.61242290200    3.16459577500
  2026-08-25T23:35:59.999999      -4054.931286319      -4749.868921098      -2611.721825285    3.63519327500   -5.36301061800    4.11399283700
  2026-08-25T23:39:59.999999      -3043.978050917      -5846.345830212      -1540.145982489    4.73752555600   -3.71757044000    4.76055924700
  2026-08-25T23:44:00.000000      -1808.837888782      -6512.223460631       -354.821158367    5.49173104300   -1.79684782000    5.05590535900
  2026-08-25T23:48:00.000000       -440.387547547      -6698.122895316        856.720781689    5.84145506700    0.25738946100    4.97759870400
  2026-08-25T23:51:59.999999        960.524116149      -6390.176102408       2004.906968115    5.76054969200    2.29294323600    4.53122594500
  2026-08-25T23:55:59.999999       2290.621597031      -5611.086096926       3004.848993335    5.25501737700    4.15922409700    3.74993739400
  2026-08-26T00:00:00.000000       3451.881689774      -4418.377936919       3782.667973798    4.36231898300    5.71841735000    2.69172716800
  2026-08-26T00:04:00.000000       4358.783152042      -2900.079428111       4280.956715265    3.14851051400    6.85574940300    1.43498081300
  2026-08-26T00:08:00.000000       4944.588275361      -1168.138544796       4462.978145311    1.70303785200    7.48782379600    0.07248392100
  2026-08-26T00:11:59.999999       5166.179046652        649.842429714       4315.318400687    0.13209619700    7.56832993700   -1.29538276700
  2026-08-26T00:15:59.999999       5007.183379871       2419.940006974       3848.842895760   -1.44895098300    7.09120983600   -2.56786561200
  2026-08-26T00:20:00.000000       4479.199506835       4011.691755094       3097.926823823   -2.92378817600    6.09123944300   -3.65100667400
  2026-08-26T00:24:00.000000       3621.011303632       5307.686871133       2117.981796815   -4.18357406700    4.64179923800   -4.46454258800
  2026-08-26T00:27:59.999999       2495.807583478       6212.284638977        981.415317864   -5.13508640700    2.84983861200   -4.94804589700
  2026-08-26T00:31:59.999999       1186.540822111       6658.771673739       -227.733338564   -5.70790385200    0.84794601700   -5.06562787700
  2026-08-26T00:36:00.000000       -210.224846933       6614.364132749      -1420.049764693   -5.85976668900   -1.21548178600   -4.80870829400
  2026-08-26T00:40:00.000000      -1591.528654404       6082.658366863      -2507.449071199   -5.57997819500   -3.18769377200   -4.19686744700
  2026-08-26T00:43:59.999999      -2855.714957177       5103.238810202      -3409.763150416   -4.88996455300   -4.92342733700   -3.27600306900
  2026-08-26T00:47:59.999999      -3909.943355250       3748.566415485      -4060.637885466   -3.84121602600   -6.29565236800   -2.11455881400
  2026-08-26T00:52:00.000000      -4676.935620629       2118.487257152      -4412.329598652   -2.51109804100   -7.20450708600   -0.79820139800
  2026-08-26T00:56:00.000000      -5100.517238639        332.846735265      -4439.093562747   -0.99701091700   -7.58410217100    0.57652709800
  2026-08-26T00:59:59.999999      -5149.610237727      -1477.224599158      -4138.985545166    0.59053156400   -7.40682664100    1.90899572500
  2026-08-26T01:03:59.999999      -4820.465542087      -3178.777871303      -3533.994015893    2.13562177400   -6.68522743600    3.10156437000
  2026-08-26T01:08:00.000000      -4136.996125041      -4646.655882538      -2668.494460611    3.52502038200   -5.47137374600    4.06643210100
  2026-08-26T01:12:00.000000      -3149.155298957      -5772.641084071      -1606.105657163    4.65629325900   -3.85359068600    4.73204117700
  2026-08-26T01:15:59.999999      -1929.409953834      -6473.500392548       -425.109563064    5.44547358700   -1.95054980200    5.04858016500
  2026-08-26T01:19:59.999999       -567.483825027      -6697.287922734        787.296066863    5.83370708300    0.09733279600    4.99209412300
  2026-08-26T01:24:00.000000        836.278820448      -6427.319462379       1941.487664179    5.79189554200    2.13848409300    4.56645173900
  2026-08-26T01:28:00.000000       2178.381797949      -5683.484379759       2952.122180386    5.32310291400    4.02169538400    3.80326930700
  2026-08-26T01:31:59.999999       3359.922008432      -4520.719053971       3744.535843074    4.46219496400    5.60797736200    2.75926041400
  2026-08-26T01:35:59.999999       4293.892435660      -3024.828165458       4260.242813145    3.27280264200    6.78062778100    1.51169422800
  2026-08-26T01:40:00.000000       4911.548562135      -1306.096246526       4461.212384692    1.84252821200    7.45354358400    0.15269325700
  2026-08-26T01:44:00.000000       5167.421572956        508.841004257       4332.629128017    0.27652496100    7.57740178800   -1.21760615600
  2026-08-26T01:47:59.999999       5042.615568012       2286.285013072       3883.950709537   -1.31022721000    7.14297826000   -2.49825188900
  2026-08-26T01:51:59.999999       4546.208791678       3895.234600114       3148.238383623   -2.80100761700    6.18190164500   -3.59472093000
  2026-08-26T01:56:00.000000       3714.651771738       5217.008411314       2179.768951221   -4.08579833200    4.76462323600   -4.42579598400
  2026-08-26T02:00:00.000000       2609.170818795       6154.050352490       1050.095977581   -5.06950931500    2.99569867600   -4.92969211400
  2026-08-26T02:03:59.999999       1311.277938226       6637.248338642       -157.242764562   -5.67927413400    1.00613053100   -5.06899213300
  2026-08-26T02:07:59.999999        -83.289625709       6631.125961764      -1352.968490301   -5.87020332700   -1.05660752900   -4.83358596500
  2026-08-26T02:12:00.000000      -1471.737215673       6136.451477361      -2448.747462869   -5.62869503600   -3.03987853600   -4.24137523300
  2026-08-26T02:16:00.000000      -2751.873158575       5190.082293422      -3363.778975676   -4.97333218900   -4.79751304100   -3.33680991000
  2026-08-26T02:19:59.999999      -3829.677159699       3862.063582449      -4030.763741905   -3.95310187000   -6.20080444900   -2.18717603300
  2026-08-26T02:23:59.999999      -4626.142979747       2250.301742290      -4400.775700260   -2.64332093500   -7.14765009800   -0.87731335000
  2026-08-26T02:28:00.000000      -5082.944824415        473.302349680      -4446.729400922   -1.13993002100   -7.56940165100    0.49670545800
  2026-08-26T02:32:00.000000      -5166.580678030      -1338.444173659      -4165.274665553    0.44735921700   -7.43540676400    1.83433311700
  2026-08-26T02:35:59.999999      -4870.775579325      -3051.878653196      -3577.028217722    2.00267304600   -6.75505794400    3.03754267400
  2026-08-26T02:39:59.999999      -4216.998263386      -4540.991861102      -2725.135054129    3.41206914300   -5.57743481900    4.01777723500
  2026-08-26T02:44:00.000000      -3253.011836155      -5696.033403387      -1672.201880029    4.57170116600   -3.98818285000    4.70240270100
  2026-08-26T02:48:00.000000      -2049.508313961      -6431.646347591       -495.794993280    5.39557478500   -2.10377539600    5.04022394500
  2026-08-26T02:51:59.999999       -694.990672014      -6693.320381478        717.240670894    5.82225261800   -0.06320551100    5.00566590300
  2026-08-26T02:55:59.999999        710.757912570      -6461.570970214       1877.242191009    5.81981795500    1.98252926800    4.60100705800
  2026-08-26T03:00:00.000000       2064.110609458      -5753.439105269       2898.443230946    5.38833329900    3.88197307200    3.85620388200
  2026-08-26T03:04:00.000000       3265.318165561      -4621.213094792       3705.380266740    4.55983691400    5.49477021400    2.82660689400
  2026-08-26T03:08:00.000000       4225.913948588      -3148.456973495       4238.495058352    3.39567226000    6.70223664900    1.58851572100
  2026-08-26T03:11:59.999999       4875.198140164      -1443.747730724       4458.474986143    1.98158190800    7.41581337900    0.23329500000
  2026-08-26T03:15:59.999999       5165.359987339        367.321591690       4349.088806350    0.42144030500    7.58308487100   -1.13922364400
  2026-08-26T03:20:00.000000       5074.970032892       2151.324729455       3918.372736116   -1.17012120800    7.19161902700   -2.42788448800
  2026-08-26T03:24:00.000000       4610.569579570       3776.771414031       3198.058082319   -2.67603796600    6.26988363500   -3.53756190500
  2026-08-26T03:27:59.999999       3806.250134749       5123.759248954       2241.288035540   -3.98520078300    4.88544727800   -4.38606529000
  2026-08-26T03:31:59.999999       2721.223335008       6092.863182208       1118.751596091   -5.00071275600    3.14038893600   -4.91031856000
  2026-08-26T03:36:00.000000       1435.496206576       6612.587457290        -86.533701327   -5.64730816800    1.16393866500   -5.07135462400
  2026-08-26T03:40:00.000000         43.924137499       6644.749686065      -1285.429640552   -5.87733504400   -0.89735324900   -4.85746706000
  2026-08-26T03:43:59.999999      -1350.892339697       6187.292807993      -2389.358667717   -5.67429328100   -2.89090095200   -4.28498454600
  2026-08-26T03:47:59.999999      -2646.269987475       5274.340107223      -3316.910777161   -5.05395008400   -4.66972616600   -3.39688653600
  2026-08-26T03:52:00.000000      -3747.047776592       3973.498603012      -3999.854625982   -4.06275165800   -6.10349574200   -2.25927062200
  2026-08-26T03:56:00.000000      -4572.526767209       2380.704432857      -4388.088129585   -2.77396328200   -7.08784714400   -0.95613586000
  2026-08-26T03:59:59.999999      -5062.260576313        613.092909543      -4453.194528744   -1.28204014800   -7.55145204300    0.41690396700
  2026-08-26T04:03:59.999999      -5180.347287358      -1199.531760610      -4190.423183405    0.30413621400   -7.46063875800    1.75939721000
  2026-08-26T04:08:00.000000      -4917.996735101      -2924.056524125      -3619.019583041    1.86883159400   -6.82168823400    2.97299849300
  2026-08-26T04:12:00.000000      -4294.220116725      -4433.670289058      -2780.881363336    3.29744113400   -5.68059141100    3.96840110300
  2026-08-26T04:15:59.999999      -3354.576452107      -5617.125363079      -1737.601210284    4.48473072800   -4.12035215800    4.67183619400
  2026-08-26T04:19:59.999999      -2167.957853331      -6386.989734790       -566.027617810    5.34272378200   -2.25527153300    5.03077995700
  2026-08-26T04:24:00.000000       -821.608313214      -6686.230795430        647.366299511    5.80746396300   -0.22282419500    5.01808036100
  2026-08-26T04:28:00.000000        585.296964136      -6492.587352295       1812.894409041    5.84418330500    1.82655698600    4.63436011500
  2026-08-26T04:31:59.999999       1949.050365890      -5820.292753619       2844.384744674    5.45010612900    3.74116623500    3.90806067200
  2026-08-26T04:35:59.999999       3169.142914565      -4718.978602956       3665.612691678    4.65446131300    5.37958142500    2.89309185700
  2026-08-26T04:40:00.000000       4155.708965189      -3269.924313199       4215.950528843    3.51612455400    6.62111773000    1.66466627200
  2026-08-26T04:44:00.000000       4836.130277921      -1579.976258623       4454.812489463    2.11901223000    7.37468339700    0.31353398100
  2026-08-26T04:47:59.999999       5160.314197318        226.362370257       4364.587901752    0.56576754900    7.58505005400   -1.06077922700
  2026-08-26T04:51:59.999999       5104.320745423       2016.028753213       3951.894201597   -1.02958955300    7.23655312900   -2.35707620500
  2026-08-26T04:56:00.000000       4672.148664524       3657.114608712       3247.125108360   -2.54966533800    6.35446785100   -3.47963344800
  2026-08-26T05:00:00.000000       3895.511801997       5028.563277221       2302.271574011   -3.88231743900    5.00343967100   -4.34531220000
  2026-08-26T05:03:59.999999       2831.576206543       6029.141974304       1187.136366998   -4.92892071700    3.28305032300   -4.88977616100
  2026-08-26T05:07:59.999999       1558.792503420       6585.020886903        -15.810248830   -5.61191192800    1.32069054700   -5.07252469000
  2026-08-26T05:12:00.000000        171.061870703       6655.337384844      -1217.594307171   -5.88090421900   -0.73812422800   -4.88020488500
  2026-08-26T05:16:00.000000      -1229.283553710       6235.216308151      -2329.411163974   -5.71650657100   -2.74092546800   -4.32756457300
  2026-08-26T05:19:59.999999      -2539.139491910       5356.030798614      -3269.258423881   -5.13162559800   -4.54003957900   -3.45612264800
  2026-08-26T05:23:59.999999      -3662.258311989       4082.911294933      -3967.987509951   -4.17009420100   -6.00358214100   -2.33076341300
  2026-08-26T05:28:00.000000      -4516.283329605       2509.773816133      -4374.330250136   -2.90303501500   -7.02494438300   -1.03462806800
  2026-08-26T05:32:00.000000      -5038.668916499        752.336518271      -4458.545818629   -1.42340318000   -7.53008368800    0.33712330400
  2026-08-26T05:35:59.999999      -5191.132345105      -1060.333366601      -4214.495400193    0.16078117700   -7.48238679600    1.68412682500
  2026-08-26T05:39:59.999999      -4962.375745091      -2795.129554160      -3660.055454554    1.73395938300   -6.88502484900    2.90778510200
  2026-08-26T05:44:00.000000      -4368.948598750      -4324.506778387      -2835.868769675    3.18097532900   -5.78094501700    3.91808065600
  2026-08-26T05:48:00.000000      -3454.166585175      -5535.774793366      -1802.489350593    4.39530432200   -4.25033679300    4.64016632400
  2026-08-26T05:51:59.999999      -2285.081883631      -6339.453061061       -636.030502686    5.28693380600   -2.40533421900    5.02008640000
  2026-08-26T05:55:59.999999       -947.642702794      -6676.025585533        577.414212872    5.78947629800   -0.38192222800    5.02920796900
  2026-08-26T06:00:00.000000        459.646087680      -6520.469843329       1748.166354154    5.86534308100    1.67023204200    4.66649204800
  2026-08-26T06:04:00.000000       1833.042909318      -5884.197294861       2789.662418947    5.50880562000    3.59916330800    3.95879166800
  2026-08-26T06:08:00.000000       3071.319990499      -4814.187020759       3624.935596154    4.74636613400    5.26232886300    2.95868120400
  2026-08-26T06:11:59.999999       4083.272943151      -3389.413083135       4192.322364494    3.63445892700    6.53728736900    1.74026236800
  2026-08-26T06:15:59.999999       4794.407076802      -1714.934045460       4449.970809527    2.25504344600    7.33038859500    0.39352044400
  2026-08-26T06:20:00.000000       5152.373474179         85.868994090       4378.881613765    0.70952778800    7.58350603200   -0.98227932200
  2026-08-26T06:24:00.000000       5130.757556373       1880.345196183       3984.273348681   -0.88864172200    7.27794855300   -2.28579766800
  2026-08-26T06:27:59.999999       4731.023239128       3536.250706517       3295.206164799   -2.42197888600    6.43579981800   -3.42087460000
  2026-08-26T06:31:59.999999       3982.482261773       4931.438548559       2362.504910398   -3.77732300900    5.11870874600   -4.30343550400
  2026-08-26T06:36:00.000000       2940.225040140       5962.923281534       1255.067885480   -4.85438965500    3.42373146000   -4.86790622800
  2026-08-26T06:40:00.000000       1681.095743944       6554.584786159         54.790488546   -5.57335106500    1.47633548100   -5.07228156100
  2026-08-26T06:43:59.999999        297.994949792       6662.905441832      -1149.544497000   -5.88112124700   -0.57903300700   -4.90156995800
  2026-08-26T06:47:59.999999      -1107.077498461       6280.198509538      -2268.934042017   -5.75541888800   -2.59015195300   -4.36890485300
  2026-08-26T06:52:00.000000      -2430.648631321       5435.083102856      -3220.804466435   -5.20629394400   -4.40864273000   -3.51435227300
  2026-08-26T06:56:00.000000      -3575.450690975       4190.192140435      -3935.115039808   -4.27499101200   -5.90118509800   -2.40156797500
  2026-08-26T06:59:59.999999      -4457.522634575       2637.378457984      -4359.442380413   -3.03041932600   -6.95901052900   -1.11276779000
  2026-08-26T07:03:59.999999      -5012.253452417        890.882478700      -4462.719778614   -1.56389869000   -7.50538787300    0.25739035500
  2026-08-26T07:08:00.000000      -5198.985375765       -921.014257258      -4237.414435313    0.01745232100   -7.50068418200    1.60860343700
  2026-08-26T07:12:00.000000      -5003.920939036      -2665.262774777      -3700.040196901    1.59823730300   -6.94502566200    2.84196774900
  2026-08-26T07:15:59.999999      -4441.147120690      -4213.645206884      -2889.987990670    3.06283469800   -5.87834845300    3.86684802000
  2026-08-26T07:19:59.999999      -3551.719289664      -5452.090454554      -1866.757727463    4.30347796900   -4.37801905200    4.60735957900
  2026-08-26T07:24:00.000000      -2400.810548897      -6289.121552449       -705.699386924    5.22823978700   -2.55386411900    5.00816838500
  2026-08-26T07:28:00.000000      -1073.021736082      -6662.757669611        507.493804381    5.76824537300   -0.54034738600    5.03904144500
  2026-08-26T07:31:59.999999        333.856127990      -6545.245584000       1683.162213262    5.88317267300    1.51359627300    4.69736939700
  2026-08-26T07:35:59.999999       1716.117595634      -5945.184665979       2734.378755838    5.56439091900    3.45591251100    4.00841226600
  2026-08-26T07:40:00.000000       2971.878195294      -4906.877563711       3583.451385047    4.83556757200    5.14301222600    3.02334073200
  2026-08-26T07:44:00.000000       4008.636546144      -3506.974194978       4167.694167875    3.75070010700    6.45062288400    1.81521185600
  2026-08-26T07:47:59.999999       4750.076820333      -1848.706523202       4444.021339404    2.38978049500    7.28279415300    0.47325502400
  2026-08-26T07:51:59.999999       5141.614619428        -54.260092922       4392.053080115    0.85283758000    7.57845448200   -0.90365862800
  2026-08-26T07:56:00.000000       5154.374650369       1744.177215645       4015.596558722   -0.74724786000    7.31580628900   -2.21408559900
  2026-08-26T08:00:00.000000       4787.302753593       3414.076363066       3342.379029731   -2.29287108900    6.51385678700   -3.36132684400
  2026-08-26T08:03:59.999999       4067.301351893       4832.283458840       2422.055428058   -3.67008622000    5.23128769000   -4.26047661100
  2026-08-26T08:07:59.999999       3047.340905741       5894.121711511       1322.604472221   -4.77698211000    3.56253758200   -4.84473777200
  2026-08-26T08:12:00.000000       1802.609070272       6521.230777170        125.321054998   -5.53152615600    1.63107906100   -5.07065572000
  2026-08-26T08:16:00.000000        424.939524436       6667.460420136      -1081.235008669   -5.87795978800   -0.41983296100   -4.92158192100
  2026-08-26T08:19:59.999999       -984.062762141       6322.319199126      -2207.888555085   -5.79111700000   -2.43824509200   -4.40904200200
  2026-08-26T08:23:59.999999      -2320.624424213       5511.655515274      -3171.519942863   -5.27817663100   -4.27522716700   -3.57161139900
  2026-08-26T08:28:00.000000      -3486.509432393       4295.569410224      -3901.211837285   -4.37771118900   -5.79602560600   -2.47169600800
  2026-08-26T08:32:00.000000      -4396.197658561       2763.809986748      -4343.408069527   -3.15641077800   -6.88979819500   -1.19062733800
  2026-08-26T08:35:59.999999      -4983.046032992       1029.076679101      -4465.729582077   -1.70390643600   -7.47717207900    0.17752533300
  2026-08-26T08:39:59.999999      -5204.040202385       -781.204803141      -4259.244774911   -0.12629740600   -7.51552391800    1.53259856800
  2026-08-26T08:44:00.000000      -5042.868105041      -2534.101834633      -3739.087840636    1.46128378100   -7.00181865100    2.77536979400
  2026-08-26T08:48:00.000000      -4511.137263210      -4100.768846187      -2943.393996904    2.94269529200   -5.97301292900    3.81454245500
  2026-08-26T08:51:59.999999      -3647.620610248      -5365.817814027      -1930.596977436    4.20903226600   -4.50368411300    4.57326941900
  2026-08-26T08:55:59.999999      -2515.568631237      -6235.821701479       -775.260242015    5.16653826500   -2.70126262200    4.99488806700
  2026-08-26T09:00:00.000000      -1198.172133825      -6646.355933530        437.357780920    5.74387636900   -0.69852041500    5.04755072400
  2026-08-26T09:04:00.000000        207.542501848      -6566.931246235       1617.632738557    5.89790704200    1.35634200400    4.72700996500
  2026-08-26T09:08:00.000000       1597.950202788      -6003.335342350       2678.292628380    5.61711613400    3.31116562300    4.05697262200
  2026-08-26T09:11:59.999999       2870.561217436      -4997.184776460       3540.943096808    4.92238821100    5.02144835800    3.08721929200
  2026-08-26T09:15:59.999999       3931.626769877      -3622.759149434       4141.888519408    3.86517861800    6.36117625700    1.88965607200
  2026-08-26T09:20:00.000000       4703.032197295      -1981.428391503       4436.807307603    2.52348016900    7.23196470800    0.55279627200
  2026-08-26T09:24:00.000000       5127.995188092       -194.140910220       4403.961108659    0.99595469500    7.56999837000   -0.82483864800
  2026-08-26T09:27:59.999999       5175.180496459       1607.445950669       4045.749082812   -0.60525070400    7.35034448400   -2.14180951000
  2026-08-26T09:31:59.999999       4841.007442135       3290.571411469       3388.549893707   -2.16240090000    6.58885910000   -3.30094649600
  2026-08-26T09:36:00.000000       4149.966741364       4731.111088641       2480.832463531   -3.56070316200    5.34125727100   -4.21645948100
  2026-08-26T09:40:00.000000       3152.900863426       5822.757737963       1389.640992080   -4.69676250100    3.69943290200   -4.82035214900
  2026-08-26T09:43:59.999999       1923.301129515       6484.960784132        195.657496921   -5.48643573200    1.78482184500   -5.06771673800
  2026-08-26T09:47:59.999999        551.872669425       6668.980102468      -1012.805291097   -5.87136458500   -0.26062120100   -4.94030803500
  2026-08-26T09:52:00.000000       -860.241892250       6361.527707973      -2146.426751969   -5.82348843900   -2.28532782200   -4.44802090900
  2026-08-26T09:56:00.000000      -2209.036384426       5585.672543747      -3121.567738158   -5.34710386400   -4.13986325200   -3.62794666500
  2026-08-26T09:59:59.999999      -3395.365105550       4398.956287515      -3866.457721305   -4.47809664200   -5.68814676100   -2.54122526000
  2026-08-26T10:03:59.999999      -4332.203380687       2888.976178484      -4326.418110025   -3.28088392200   -6.81729417600   -1.26822167000
  2026-08-26T10:08:00.000000      -4950.917536524       1166.838425922      -4467.765559984   -1.84334594700   -7.44537244800    0.09754781500
  2026-08-26T10:12:00.000000      -5206.155995947       -640.963480982      -4280.171725863   -0.27047189700   -7.52678613100    1.45612132400
  2026-08-26T10:15:59.999999      -5079.094011502      -2401.685132776      -3777.380228574    1.32296682100   -7.05535640300    2.70803122900
  2026-08-26T10:19:59.999999      -4578.829109443      -3985.910123551      -2996.247368230    2.82040924900   -6.06490183300    3.76128495700
  2026-08-26T10:24:00.000000      -3741.823542016      -5276.974452845      -1994.138763143    4.11177019200   -4.62727533600    4.53802310200
  2026-08-26T10:28:00.000000      -2629.364322733      -6179.560620813       -844.813396649    5.10155106700   -2.84750144200    4.98036706400
  2026-08-26T10:31:59.999999      -1323.175825795      -6626.834484981        366.937714696    5.71604772000   -0.85652806900    5.05488822400
  2026-08-26T10:35:59.999999         80.554866427      -6585.571216577       1551.554208726    5.90930537900    1.19832005900    4.75562282300
  2026-08-26T10:40:00.000000       1478.345245470      -6058.724577128       2621.433436564    5.66684401800    3.16484517100    4.10470154400
  2026-08-26T10:44:00.000000       2767.142229486      -5085.195936785       3497.487033121    5.00670090500    4.89759071100    3.15048761300
  2026-08-26T10:47:59.999999       3851.992460129      -3736.870796734       4115.022030407    3.97784034100    6.26886414300    1.96376933800
  2026-08-26T10:51:59.999999       4653.024084864      -2113.207467642       4428.485652821    2.65617379200    7.17795569100    0.63226466800
  2026-08-26T10:56:00.000000       5111.269149717       -333.866144223       4414.770179212    1.13890716700    7.55818248100   -0.74586062000
  2026-08-26T11:00:00.000000       5192.951337873       1470.064917293       4074.875409723   -0.46250490200    7.38158539400   -2.06908316200
  2026-08-26T11:03:59.999999       4891.954429315       3165.659416097       3433.838205535   -2.03038440800    6.66088126600   -3.23982085100
  2026-08-26T11:07:59.999999       4230.325427368       4627.876660559       2538.935258683   -3.44914114900    5.44876747000   -4.17146799400
  2026-08-26T11:12:00.000000       3256.736656647       5748.811949718       1456.256783965   -4.61389240800    3.83447448300   -4.79484271900
  2026-08-26T11:16:00.000000       2042.949758306       6445.744508815        265.853480441   -5.43834031900    1.93739435400   -5.06357471500
  2026-08-26T11:19:59.999999        678.514651930       6667.367297040       -944.225235631   -5.86152971400   -0.10176688700   -4.95782763900
  2026-08-26T11:23:59.999999       -735.928573837       6397.622454400      -2084.534280345   -5.85260843500   -2.13189606800   -4.48587967300
  2026-08-26T11:28:00.000000      -2096.196824049       5656.802548556      -3070.930955037   -5.41300464700   -4.00312968700   -3.68329871000
  2026-08-26T11:32:00.000000      -3302.293383313       4499.877264021      -3830.805538906   -4.57590251600   -5.57815189500   -2.60996897200
  2026-08-26T11:35:59.999999      -4265.731077334       3012.259183078      -4308.371114044   -3.40336944900   -6.74206881100   -1.34528106200
  2026-08-26T11:39:59.999999      -4915.921107322       1303.428828336      -4468.648937568   -1.98155264900   -7.41038884600    0.01782652000
  2026-08-26T11:44:00.000000      -5205.211834595       -501.094647793      -4299.922682482   -0.41428601400   -7.53462545000    1.37958192600
  2026-08-26T11:48:00.000000      -5112.280540258      -2268.813563656      -3814.551530810    1.18411370600   -7.10547946700    2.64030125600
  2026-08-26T11:51:59.999999      -4643.714996403      -3869.808783554      -3048.106404651    2.69673363600   -6.15365967800    3.70737442700
  2026-08-26T11:55:59.999999      -3833.644066153      -5186.182359128      -2056.868988657    4.01237474700   -4.74813303800    4.50189532700
  2026-08-26T12:00:00.000000      -2741.374120721      -6120.765519400       -913.802978795    5.03375195600   -2.99166105800    4.96466305500
  2026-08-26T12:04:00.000000      -1447.130595096      -6604.391550960        296.770651261    5.68494579000   -1.01341387400    5.06085663800
  2026-08-26T12:08:00.000000        -46.196510659      -6601.146815793       1485.395377367    5.91724701600    1.04035699200    4.78284488100
  2026-08-26T12:11:59.999999       1358.156296957      -6111.164909481       2564.169783321    5.71324548900    3.01751304000    4.15114383500
  2026-08-26T12:15:59.999999       2662.384981064      -5170.615437986       3453.344332996    5.08808670800    4.77180373400    3.21269872000
  2026-08-26T12:20:00.000000       3770.379977854      -3848.951394040       4087.248565796    4.08813478300    6.17383751700    2.03712950000
  2026-08-26T12:24:00.000000       4600.558470162      -2243.683501082       4419.123728423    2.78727511400    7.12062463300    0.71138715400
  2026-08-26T12:27:59.999999       5091.814186910       -473.125095398       4424.508669620    1.28119340000    7.54277833900   -0.66679873600
  2026-08-26T12:31:59.999999       5207.943240540       1332.284708264       4102.995304690   -0.31950091800    7.40923190000   -1.99591430100
  2026-08-26T12:36:00.000000       4940.302166259       3039.508445629       3478.266060410   -1.89713933700    6.72956152500   -3.17793163600
  2026-08-26T12:40:00.000000       4308.485667781       4522.662762085       2596.397958523   -3.33549340700    5.55348860100   -4.12540332000
  2026-08-26T12:43:59.999999       3358.960320575       5672.312331279       1522.521417414   -4.52826230000    3.96756409600   -4.76801895400
  2026-08-26T12:47:59.999999       2161.701978022       6403.625202363        336.031279234   -5.38708937100    2.08903162800   -5.05799257300
  2026-08-26T12:52:00.000000        805.034273809       6662.753070827       -875.314351955   -5.84846007600    0.05719607000   -4.97390488400
  2026-08-26T12:56:00.000000       -610.980219210       6430.860005440      -2021.977337462   -5.87867884200   -1.97739477700   -4.52241262800
  2026-08-26T12:59:59.999999      -1982.028213851       5725.433227409      -3019.337136388   -5.47618423300   -3.86450435600   -3.73755888300
  2026-08-26T13:03:59.999999      -3207.293631906       4598.845467081      -3793.973142501   -4.67147851900   -5.46550767600   -2.67796277200
  2026-08-26T13:08:00.000000      -4196.879553076       3134.298895095      -4289.014924834   -3.52435851600   -6.66364688100   -1.42202296000
  2026-08-26T13:12:00.000000      -4878.280986527       1439.577610101      -4468.198417061   -2.11905278100   -7.37194572800   -0.06200907500
  2026-08-26T13:15:59.999999      -5201.555308043       -360.829389131      -4318.419526204   -0.55824539700   -7.53897812000    1.30249608500
  2026-08-26T13:19:59.999999      -5142.896512742      -2134.732725647      -3850.646425786    1.04422747400   -7.15236391400    2.57164648300
  2026-08-26T13:24:00.000000      -4706.377834028      -3751.775037609      -3099.151689838    2.57121857900   -6.23969283600    3.65221572300
  2026-08-26T13:28:00.000000      -3923.761876140      -5092.894230001      -2119.109620169    3.91052152300   -4.86703482900    4.46434502000
  2026-08-26T13:31:59.999999      -2852.321386687      -6059.099258421       -982.647591292    4.96308822200   -3.13463696400    4.94751169600
  2026-08-26T13:35:59.999999      -1570.754681318      -6578.894337749        226.398009697    5.65062941600   -1.17000997100    5.06537074200
  2026-08-26T13:40:00.000000       -173.404485770      -6613.723254896       1418.699281009    5.92189905400    0.88165137500    4.80878524900
  2026-08-26T13:44:00.000000       1236.740266416      -6160.902548027       2506.094798990    5.75656507200    2.86846618100    4.19659504900
  2026-08-26T13:47:59.999999       2555.716354610      -5253.852622834       3408.192630597    5.16690658200    4.64340964600    3.27426947000
  2026-08-26T13:51:59.999999       3686.334111663      -3959.554301002       4058.361216778    4.19666514200    6.07560652900    2.11024741000
  2026-08-26T13:56:00.000000       4545.337914953      -2373.494776002       4408.633072998    2.91746687900    7.05975962200    0.79063157500
  2026-08-26T14:00:00.000000       5069.495332800       -612.587853096       4433.195242049    1.42350170800    7.52371333600   -0.58721213300
  2026-08-26T14:03:59.999999       5220.194709512       1193.441403415       4130.237223388   -0.17550462800    7.43343422100   -1.92183063000
  2026-08-26T14:07:59.999999       4986.250098929       2911.524422897       3522.072905654   -1.76207074500    6.79530564300   -3.11483894000
  2026-08-26T14:12:00.000000       4384.770350864       4414.988762776       2653.546587140   -3.21932394100    5.65594657900   -4.07801026400
  2026-08-26T14:16:00.000000       3459.982514094       5592.902791624       1588.794515302   -4.43956210500    4.09918972500   -4.73985045100
  2026-08-26T14:19:59.999999       2280.034642822       6358.354703404        406.530123667   -5.33243608800    2.24012837400   -5.05116759000
  2026-08-26T14:23:59.999999        931.963202720       6654.970344076       -805.806601028   -5.83192625500    0.21654727800   -4.98893802900
  2026-08-26T14:28:00.000000       -484.804357433       6461.131091540      -1958.601588472   -5.90143948100   -1.82159107100   -4.55816006400
  2026-08-26T14:32:00.000000      -1865.889505462       5791.515849725      -2966.773901522   -5.53655436800   -3.72372962400   -3.79134410100
  2026-08-26T14:35:59.999999      -3109.735933072       4695.854397767      -3756.089680730   -4.76497421200   -5.35015355500   -2.74573636300
  2026-08-26T14:39:59.999999      -4125.057378358       3255.078688273      -4268.578492432   -3.64399948800   -6.58210987000   -1.49874923600
  2026-08-26T14:44:00.000000      -4837.450204280       1575.251922751      -4466.696387628   -2.25609265600   -7.33012986900   -0.14210186900
  2026-08-26T14:48:00.000000      -5194.705227177       -220.224983274      -4335.954287201   -0.70263151300   -7.53996256000    1.22492870800
  2026-08-26T14:51:59.999999      -5170.524123678      -1999.525193651      -3885.921733589    0.90306121000   -7.19607444900    2.50228277100
  2026-08-26T14:55:59.999999      -4766.456800144      -3631.900628196      -3149.569225748    2.44363156000   -6.32297963900    3.59618660700
  2026-08-26T15:00:00.000000      -4011.877871395      -4997.173531839      -2180.948026478    3.80590999500   -4.98379211000    4.42578902200
  2026-08-26T15:04:00.000000      -2961.995208146      -5994.583603195      -1051.341901682    4.88917841700   -3.27632070000    4.92930224200
  2026-08-26T15:08:00.000000      -1693.905127228      -6550.340298704        155.928670101    5.61292648300   -1.32613441700    5.06887370400
  2026-08-26T15:11:59.999999       -300.957902166      -6623.220999667       1351.664849860    5.92312245100    0.72263195000    4.83373159100
  2026-08-26T15:15:59.999999       1114.170095889      -6207.741998707       2447.455040951    5.79661843600    2.71823214800    4.24117425400
  2026-08-26T15:20:00.000000       2447.152288155      -5334.573336630       3362.290588134    5.24284565400    4.51305448700    3.33517814500
  2026-08-26T15:24:00.000000       3599.765926347      -4068.200377599       4028.593175273    4.30290691900    5.97467077700    2.18295924500
  2026-08-26T15:27:59.999999       4487.149447916      -2502.063679482       4397.204698921    3.04625858600    6.99571449600    0.86979201400
  2026-08-26T15:31:59.999999       5043.981965226       -751.597466266       4440.950368932    1.56531266300    7.50127874900   -0.50750351600
  2026-08-26T15:36:00.000000       5229.239827573       1054.231201618       4156.601427335   -0.03109857700    7.45421608300   -1.84741660800
  2026-08-26T15:40:00.000000       5029.200856903       2782.372137005       3565.107617572   -1.62567963100    6.85782693000   -3.05119211600
  2026-08-26T15:43:59.999999       4458.474463907       4305.423929523       2710.081547852   -3.10103357300    5.75564547400   -4.02986274300
  2026-08-26T15:47:59.999999       3559.008668861       5511.013409669       1654.652454619   -4.34814632400    4.22868410300   -4.71078925900
  2026-08-26T15:52:00.000000       2397.077628977       6310.176655802        476.841496354   -5.27464406000    2.38981286700   -5.04335105300
  2026-08-26T15:56:00.000000       1058.389786491       6644.039090158       -736.241380123   -5.81199581700    0.37532517400   -5.00292350900
  2026-08-26T15:59:59.999999       -358.311355010       6488.225446477      -1894.917972318   -5.92081308700   -1.66545753200   -4.59287626000
  2026-08-26T16:03:59.999999      -1748.641871974       5854.604347873      -2913.661968345   -5.59373381600   -3.58176284800   -3.84417015400
  2026-08-26T16:08:00.000000      -3010.344537375       4790.259409711      -3717.446949500   -4.85567332200   -5.23275071900   -2.81274174500
  2026-08-26T16:12:00.000000      -4050.809837470       3373.831551821      -4247.232495339   -3.76153115100   -6.49785860400   -1.57498402700
  2026-08-26T16:15:59.999999      -4793.777142852       1709.605508221      -4464.192030591   -2.39177118800   -7.28514318300   -0.22191124200
  2026-08-26T16:19:59.999999      -5184.790796836        -80.135116979      -4352.453409520   -0.84655924700   -7.53745251300    1.14733889600
  2026-08-26T16:24:00.000000      -5195.090682846      -1863.985389162      -3920.204290399    0.76142329000   -7.23627607700    2.43259442000
  2026-08-26T16:28:00.000000      -4823.696371343      -3510.872157004      -3199.109198798    2.31466346600   -6.40296782700    3.53951156700
  2026-08-26T16:31:59.999999      -4097.586870048      -4899.564901746      -2242.095731662    3.69910655900   -5.09776502500    4.38633691600
  2026-08-26T16:35:59.999999      -3069.865520139      -5927.588551697      -1119.582933407    4.81245217900   -3.41588017700    4.91001522100
  2026-08-26T16:40:00.000000      -1815.989307284      -6518.897046874         85.637143096    5.57194617500   -1.48101010300    5.07118611600
  2026-08-26T16:44:00.000000       -428.253194388      -6629.647227667       1284.520968066    5.92094909400    0.56389458000    4.85748492300
  2026-08-26T16:47:59.999999        991.052657355      -6251.549943734       2388.420556239    5.83337605100    2.56737167000    4.28456820300
  2026-08-26T16:51:59.999999       2337.281532966      -5412.523338848       3315.720336303    5.31579165300    4.38115734600    3.39501230200
  2026-08-26T16:56:00.000000       3511.230018001      -4174.540793223       3997.926745953    4.40664560400    5.87144567300    2.25482513800
  2026-08-26T17:00:00.000000       4426.462951876      -2628.961948882       4384.704186420    3.17317997300    6.92867637000    0.94838977000
  2026-08-26T17:03:59.999999       5015.624616870       -889.713343257       4447.550302669    1.70613295700    7.47543105900   -0.42792406300
  2026-08-26T17:07:59.999999       5235.310738874        915.082455351       4181.821484303    0.11320065500    7.47150916500   -1.77280026500
  2026-08-26T17:12:00.000000       5069.254680506       2652.448751400       3607.082315098   -1.48852901800    6.91693733800   -2.98704576300
  2026-08-26T17:16:00.000000       4529.569252447       4194.301956473       2765.712854491   -2.98110871500    5.85225358600   -3.98091052600
  2026-08-26T17:19:59.999999       3655.913844765       5426.894009426       1719.830529109   -4.25432524900    4.35569640900   -4.68068056700
  2026-08-26T17:23:59.999999       2512.647670878       6259.266153361        546.747076280   -5.21389538500    2.53782401000   -5.03431132800
  2026-08-26T17:28:00.000000       1184.095153863       6630.084180583       -666.776750277   -5.78880113700    0.53335824700   -5.01561049600
  2026-08-26T17:32:00.000000       -231.739894833       6512.232877524      -1831.023614115   -5.93682138500   -1.50909593300   -4.62631407600
  2026-08-26T17:35:59.999999      -1630.521347434       5914.780540212      -2860.047611704   -5.64770205200   -3.43857555800   -3.89586091000
  2026-08-26T17:39:59.999999      -2909.355325400       4882.154345657      -3678.056027850   -4.94357994900   -5.11324226400   -2.87884363400
  2026-08-26T17:44:00.000000      -3974.363080307       3490.673541415      -4224.955211325   -3.87688206500   -6.41074324000   -1.65061690700
  2026-08-26T17:48:00.000000      -4747.479281192       1842.807533408      -4460.661762495   -2.52612042100   -7.23677442700   -0.30154368500
  2026-08-26T17:51:59.999999      -5172.040126070         59.637869441      -4367.927912706   -0.99004542100   -7.53137635400    1.06957904400
  2026-08-26T17:55:59.999999      -5216.828390244      -1727.899820847      -3953.544010276    0.61925974200   -7.27290757600    2.36238635300
  2026-08-26T18:00:00.000000      -4878.348206475      -3388.475604556      -3247.870845504    2.18424363100   -6.47972185000    3.48200126400
  2026-08-26T18:04:00.000000      -4181.155699403      -4799.873740232      -2302.699543491    3.59004749500   -5.20907303900    4.34578600300
  2026-08-26T18:08:00.000000      -3176.217011265      -5857.966097018      -1187.563454222    4.73283954100   -3.55359702200    4.88948167000
  2026-08-26T18:11:59.999999      -1937.295212098      -6484.491751240         15.304080128    5.52771256600   -1.63494240200    5.07223513900
  2026-08-26T18:15:59.999999       -555.573181845      -6633.000130942       1217.036962500    5.91537817100    0.40512506700    4.88002795800
  2026-08-26T18:20:00.000000        867.107884720      -6292.413203026       2328.774219508    5.86690559500    2.41550764700    4.32693521700
  2026-08-26T18:24:00.000000       2225.853492502      -5487.870008332       3268.317022190    5.38591217600    4.24743145100    3.45402965500
  2026-08-26T18:27:59.999999       3420.524257787      -4278.803366698       3966.259612048    4.50813371500    5.76568996200    2.32613061800
  2026-08-26T18:31:59.999999       4363.147054362      -2754.448273771       4371.105043217    3.29852804000    6.85865281300    1.02671085500
  2026-08-26T18:36:00.000000       4984.348397763      -1027.182603046       4453.016163494    1.84615421900    7.44621316700   -0.34833659800
  2026-08-26T18:40:00.000000       5238.384208665        775.749723007       4205.957243767    0.25765620700    7.48531011600   -1.69776850400
  2026-08-26T18:43:59.999999       5106.457998786       2521.530233538       3648.114203131   -1.35034486500    6.97281574400   -2.92216164400
  2026-08-26T18:47:59.999999       4598.151938564       4081.455899545       2820.606546551   -2.85941326000    5.94603756600   -3.93099894100
  2026-08-26T18:52:00.000000       3750.813842739       5340.435728545       1784.524576404   -4.15806890500    4.48045237800   -4.64943578200
  2026-08-26T18:56:00.000000       2626.863765036       6205.563297095        616.451759137   -5.15017707100    2.68433011600   -5.02405546700
  2026-08-26T18:59:59.999999       1309.203459138       6613.079825856       -597.220202537   -5.76231041600    0.69077299700   -5.02709182700
  2026-08-26T19:03:59.999999       -104.962235232       6533.153315438      -1766.760072499   -5.94947609200   -1.35243643800   -4.65865516500
  2026-08-26T19:08:00.000000      -1511.405895809       5972.047762973      -2805.816486795   -5.69849754400   -3.29421397300   -3.94659797600
  2026-08-26T19:12:00.000000      -2806.654243007       4971.520680940      -3637.842832698   -5.02871342500   -4.99174746400   -2.94419342200
  2026-08-26T19:15:59.999999      -3895.608400470       3605.547084364      -4201.705784301   -3.99006536200   -6.32097157200   -1.72575649200
  2026-08-26T19:19:59.999999      -4698.440318649       1974.741640753      -4456.074104835   -2.65904935200   -7.18524653200   -0.38096474400
  2026-08-26T19:24:00.000000      -5156.312473847        198.945200248      -4382.335949838   -1.13301058800   -7.52185274100    0.99167185300
  2026-08-26T19:28:00.000000      -5235.571307280      -1591.455297312      -3985.892662648    0.47674444900   -7.30613985400    2.29171793900
  2026-08-26T19:31:59.999999      -4930.190878260      -3264.923478159      -3295.779882806    2.05261752700   -6.55326231500    3.42379518100
  2026-08-26T19:35:59.999999      -4262.304839397      -4698.301205688      -2362.643534700    3.47896750400   -5.31758407700    4.30432749900
  2026-08-26T19:40:00.000000      -3280.718328426      -5785.864178561      -1255.126120942    4.65053333600   -3.68916439400    4.86785117900
  2026-08-26T19:44:00.000000      -2057.458418965      -6447.191785342        -54.890412878    5.48032439900   -1.78758960100    5.07207660600
  2026-08-26T19:47:59.999999       -682.536158628      -6633.261629498       1149.400599160    5.90645224100    0.24671256600    4.90136758600
  2026-08-26T19:51:59.999999        742.710885995      -6330.210950124       2268.693962797    5.89708350500    2.26305736000    4.36817670100
  2026-08-26T19:56:00.000000       2113.195007907      -5560.404436346       3220.230364206    5.45294802100    4.11220042400    3.51211070000
  2026-08-26T20:00:00.000000       3327.906633497      -4380.712960980       3933.711852344    4.60706812100    5.65764087300    2.39674496100
  2026-08-26T20:03:59.999999       4297.384984136      -2878.205505146       4356.491166697    3.42199445200    6.78573613600    1.10461257200
  2026-08-26T20:07:59.999999       4950.268807819      -1163.666556087       4457.402256951    1.98507842200    7.41373001200   -0.26888585700
  2026-08-26T20:12:00.000000       5238.488210240        636.587669667       4229.011151085    0.40185468100    7.49560776700   -1.62260797600
  2026-08-26T20:16:00.000000       5140.747858582       2389.932975883       3688.134910888   -1.21142296600    7.02518519500   -2.85680265700
  2026-08-26T20:19:59.999999       4664.113004134       3967.131431620       2874.644891274   -2.73605898900    6.03671926000   -3.88027524100
  2026-08-26T20:23:59.999999       3843.579460836       5251.826002091       1848.588307385   -4.05944151600    4.60272823800   -4.61714157700
  2026-08-26T20:28:00.000000       2739.581938102       6149.201645017        685.799413994   -5.08356181600    2.82911282400   -5.01259105800
  2026-08-26T20:32:00.000000       1433.551709803       6593.104039951       -527.720221343   -5.73260257700    0.84731765700   -5.03728806800
  2026-08-26T20:35:59.999999         21.842501467       6551.004333289      -1702.241718005   -5.95882884400   -1.19571009400   -4.68970412100
  2026-08-26T20:39:59.999999      -1391.487134117       6026.371188934      -2751.031642157   -5.74615831100   -3.14888403800   -3.99615059000
  2026-08-26T20:44:00.000000      -2702.436034467       5058.276950509      -3596.811956033   -5.11107058200   -4.86845621100   -3.00854442600
  2026-08-26T20:48:00.000000      -3814.731566356       3718.330741191      -4177.428344494   -4.10101898700   -6.22869668800   -1.80015638700
  2026-08-26T20:51:59.999999      -4646.826275043       2105.251488990      -4450.316729286   -2.79044620800   -7.13069296200   -0.45994751400
  2026-08-26T20:55:59.999999      -5137.734889822        337.596073389      -4395.507265571   -1.27522860000   -7.50898433500    0.91388371400
  2026-08-26T21:00:00.000000      -5251.388179121      -1454.843503006      -4017.017169129    0.33409977200   -7.33590174300    2.22081284000
  2026-08-26T21:04:00.000000      -4979.243839120      -3140.389496662      -3342.569315801    1.92000876500   -6.62354781700    3.36497462800
  2026-08-26T21:08:00.000000      -4340.987040641      -4595.014294311      -2421.649505901    3.36619616000   -5.42324792600    4.26198005300
  2026-08-26T21:11:59.999999      -3383.239338844      -5711.423198661      -1321.991773814    4.56587305900   -3.82240874100    4.84510171000
  2026-08-26T21:15:59.999999      -2176.275166772      -6407.080822674       -124.681805971    5.43003615000   -1.93866924200    5.07060024700
  2026-08-26T21:20:00.000000       -808.893005551      -6630.445980218       1081.837161715    5.89430869000    0.08892456300    4.92130160000
  2026-08-26T21:24:00.000000        618.139184212      -6364.900140579       2208.354496977    5.92400238300    2.11025037200    4.40806039100
  2026-08-26T21:27:59.999999       1999.598355666      -5630.031495144       3171.573429103    5.51691348800    3.97566212200    3.56897739500
  2026-08-26T21:31:59.999999       3233.656823916      -4480.133352760       3900.330810331    4.70332355100    5.54742884100    2.46638213400
  2026-08-26T21:36:00.000000       4229.424372297      -3000.087786604       4340.850846413    3.54346366500    6.70993859700    1.18190356800
  2026-08-26T21:40:00.000000       4913.602855441      -1299.022822539       4460.657622880    2.12278390800    7.37791806800   -0.18969220000
  2026-08-26T21:43:59.999999       5235.817235651        497.724029975       4250.920259646    0.54569168600    7.50237763500   -1.54731154400
  2026-08-26T21:47:59.999999       5172.275160375       2257.788250763       3727.088213654   -1.07203690000    7.07406307300   -2.79095173700
  2026-08-26T21:52:00.000000       4727.525130010       3851.439521111       2927.772966034   -2.61137469100    6.12411878800   -3.82872649500
  2026-08-26T21:56:00.000000       3934.215727356       5161.125082518       1911.977336088   -3.95867474100    4.72230018700   -4.58372095600
  2026-08-26T21:59:59.999999       2850.757243051       6090.194275352        754.765509688   -5.01424380600    2.97199543300   -4.99982722100
  2026-08-26T22:03:59.999999       1557.050405745       6570.131830243       -458.276533603   -5.69985731900    1.00285994700   -5.04608533000
  2026-08-26T22:08:00.000000        148.545098155       6565.733394810      -1637.442701698   -5.96503266600   -1.03903211100   -4.71936602500
  2026-08-26T22:12:00.000000      -1270.921884588       6077.677370383      -2695.646858025   -5.79076478300   -3.00263544700   -4.04444480600
  2026-08-26T22:15:59.999999      -2596.877709098       5142.342955121      -3554.905417242   -5.19073331200   -4.74338790100   -3.07186027000
  2026-08-26T22:19:59.999999      -3731.927024149       3828.937005620      -4152.056749420   -4.20979148400   -6.13394481300   -1.87378050100
  2026-08-26T22:24:00.000000      -4592.835466356       2234.250271735      -4443.316808337   -2.92031303200   -7.07311024900   -0.53848246500
  2026-08-26T22:28:00.000000      -5116.504349904        475.507933742      -4407.373015237   -1.41668936700   -7.49273857600    0.83616611300
  2026-08-26T22:31:59.999999      -5264.470010966      -1318.144195930      -4046.866908621    0.19137824700   -7.36218768400    2.14958144800
  2026-08-26T22:35:59.999999      -5025.682989650      -3014.944159658      -3388.207844288    1.78646168000   -6.69048272200    3.30544669200
  2026-08-26T22:40:00.000000      -4417.386815074      -4490.054991892      -2479.721789806    3.25161259200   -5.52600019800    4.21853089000
  2026-08-26T22:44:00.000000      -3483.994465550      -5634.702148564      -1388.224759840    4.47877074600   -3.95352029200    4.82098345400
  2026-08-26T22:47:59.999999      -2293.965283208      -6364.272784540       -194.184501469    5.37686965100   -2.08840663500    5.06763416300
  2026-08-26T22:51:59.999999       -934.857928449      -6624.718702540       1014.197830361    5.87895380300   -0.06844919200    4.93970622200
  2026-08-26T22:56:00.000000        493.175680785      -6396.705681009       2147.580315475    5.94766699400    1.95679145100    4.44652072900
  2026-08-26T23:00:00.000000       1884.855691136      -5697.051840291       3122.169161809    5.57789906300    3.83748911900    3.62467666600
  2026-08-26T23:03:59.999999       3137.606062839      -4577.442637272       3865.961038788    4.79713402200    5.43475473700    2.53518845100
  2026-08-26T23:07:59.999999       4159.155991942      -3120.526398026       4324.065521336    3.66318204400    6.63106234000    1.25872813800
  2026-08-26T23:12:00.000000       4874.310194213      -1433.726019158       4462.712776280    2.25959876700    7.33866740300   -0.11048161600
  2026-08-26T23:16:00.000000       5230.409649916        358.680529332       4271.682914755    0.68950349300    7.50567907500   -1.47160178400
  2026-08-26T23:19:59.999999       5201.164457672       2124.648680674       3765.035944415   -0.93179451600    7.11965781800   -2.72433235200
  2026-08-26T23:23:59.999999       4788.605868879       3734.016435664       2980.117160151   -2.48502374100    6.20869050600   -3.77612899700
  2026-08-26T23:28:00.000000       4023.003788201       5068.079098389       1974.861473416   -3.85556346600    4.83961935800   -4.54902525400
  2026-08-26T23:32:00.000000       2960.719777304       6028.395784357        823.556153134   -4.94200548300    3.11346669900   -4.98562159700
  2026-08-26T23:35:59.999999       1680.076644292       6544.148900216       -388.664369238   -5.66390812900    1.15797269900   -5.05348339400
  2026-08-26T23:39:59.999999        275.554316207       6577.464068546      -1572.152735609   -5.96799008000   -0.88180647200   -4.74775985000
  2026-08-26T23:44:00.000000      -1149.293128333       6126.231202346      -2639.492311704   -5.83235572800   -2.85489986800   -4.09169789400
  2026-08-26T23:48:00.000000      -2489.580497733       5224.115843412      -3512.013972158   -5.26782511800   -4.61600645300   -3.13444729000
  2026-08-26T23:51:59.999999      -3646.843634232       3937.887162318      -4125.572797061   -4.31666324100   -6.03622596000   -1.94707273500
  2026-08-26T23:55:59.999999      -4536.206553358       2362.356229363      -4435.172617535   -3.04909935900   -7.01217281900   -0.61707818200
  2026-08-27T00:00:00.000000      -5092.481744297        613.356122240      -4418.153845103   -1.55795818500   -7.47298557000    0.75801704500
  2026-08-27T00:04:00.000000      -5274.823145047      -1180.672765841      -4075.778292834    0.04793670500   -7.38507421700    2.07756788500
  2026-08-27T00:08:00.000000      -5069.671027816      -2887.952390035      -3433.132763639    1.65133515500   -6.75439798200    3.24483357700
  2026-08-27T00:11:59.999999      -4491.805050846      -4382.895063938      -2537.367744716    3.13472260700   -5.62634472600    4.17380019900
  2026-08-27T00:15:59.999999      -3583.397530509      -5555.287899134      -1454.352253710    4.38874133300   -4.08296966200    4.79547561400
  2026-08-27T00:20:00.000000      -2411.062220704      -6318.493239728       -263.919066744    5.32039394400   -2.23752368500    5.06329001900
  2026-08-27T00:24:00.000000      -1061.024705626      -6615.991923436        946.016061174    5.86031735900   -0.22616619000    4.95690547400
  2026-08-27T00:27:59.999999        367.238098010      -6425.693358941       2085.994163446    5.96819112200    1.80214911700    4.48394152700
  2026-08-27T00:31:59.999999       1768.423322528      -5761.645543487       3071.731881028    5.63611023100    3.69725481800    3.67959620100
  2026-08-27T00:36:00.000000       3039.270841229      -4672.907895874       3830.411654869    4.88880329100    5.31933927200    2.60356352200
  2026-08-27T00:40:00.000000       4086.179177994      -3239.832742041       4306.041120224    3.78151278000    6.54902513600    1.33548642800
  2026-08-27T00:43:59.999999       4832.075046651      -1568.085858632       4463.553317436    2.39587002500    7.29603487800   -0.03100926000
  2026-08-27T00:47:59.999999       5222.038442050        219.163413761       4291.335659196    0.83368356300    7.50560609000   -1.39527285300
  2026-08-27T00:52:00.000000       5227.282814679       1990.257197375       3802.063536575   -0.79034739900    7.16219165000   -2.65677332700
  2026-08-27T00:56:00.000000       4847.292222504       3614.662826147       3031.792237237   -2.35674480100    6.29068611000   -3.72238922900
  2026-08-27T00:59:59.999999       4109.937331797       4972.560854466       2037.363091811   -3.74991120200    4.95501149700   -4.51311016200
  2026-08-27T01:03:59.999999       3069.497700117       5963.743910065        892.260198167   -4.86673643900    3.25371016700   -4.97016192000
  2026-08-27T01:08:00.000000       1802.697316073       6515.125909628       -318.834186618   -5.62454644200    1.31281244600   -5.05963346500
  2026-08-27T01:12:00.000000        402.987890225       6586.215163847      -1506.369106218   -5.96748973900   -0.72383163100   -4.77511244500
  2026-08-27T01:15:59.999999      -1026.432679720       6172.099865602      -2582.624988763   -5.87071758900   -2.70547178100   -4.13817886300
  2026-08-27T01:19:59.999999      -2380.330129354       5303.712660319      -3468.262788498   -5.34217964300   -4.48609221500   -3.19658793600
  2026-08-27T01:24:00.000000      -3559.234241049       4045.356420242      -4098.166777839   -4.42154698200   -5.93530174200   -2.02030656200
  2026-08-27T01:28:00.000000      -4476.683733471       2489.805337569      -4426.142262220   -3.17683293500   -6.94761180500   -0.69603544300
  2026-08-27T01:31:59.999999      -5065.438510733        751.432052208      -4428.184528515   -1.69922364800   -7.44953386400    0.67911441500
  2026-08-27T01:35:59.999999      -5282.280759936      -1042.106364133      -4104.156902443   -0.09654344500   -7.40447946300    2.00451229100
  2026-08-27T01:40:00.000000      -5111.130418443      -2759.083196478      -3477.800758097    1.51421099200   -6.81532348800    3.18298332800
  2026-08-27T01:44:00.000000      -4564.273643744      -4273.223244868      -2595.067406112    3.01503598200   -5.72443086000    4.12773189000
  2026-08-27T01:47:59.999999      -3681.594369452      -5472.930257582      -1520.853728266    4.29536645900   -4.21109863400    4.76866242200
  2026-08-27T01:51:59.999999      -2527.791104632      -6269.566044527       -334.325294848    5.26030752800   -2.38625795100    5.05777445800
  2026-08-27T01:56:00.000000      -1187.702594637      -6604.146915454        876.902774750    5.83802448800   -0.38453573500    4.97314294900
  2026-08-27T02:00:00.000000        239.949699691      -6451.835981117       2023.290802033    5.98543304900    1.64594885700    4.52077885100
  2026-08-27T02:03:59.999999       1649.914417512      -5823.843816620       3020.073613419    5.69155387300    3.55484574300    3.73421623500
  2026-08-27T02:07:59.999999       2938.262563304      -4766.571448896       3793.603066227    4.97830662500    5.20115616500    2.67193461900
  2026-08-27T02:12:00.000000       4010.106234670      -3358.058762900       4286.796506210    3.89852393900    6.46380157400    1.41256975500
  2026-08-27T02:16:00.000000       4786.535079039      -1702.147739279       4463.282334251    2.53170752100    7.25010452400    0.04903193900
  2026-08-27T02:19:59.999999       5210.361486205         79.156917350       4310.036200211    0.97829662900    7.50229124600   -1.31819619000
  2026-08-27T02:23:59.999999       5250.303046093       1854.621249883       3838.330691211   -0.64760445900    7.20169964900   -2.58836894100
  2026-08-27T02:28:00.000000       4903.288217985       3493.386200182       3082.924639426   -2.22639773100    6.37009833600   -3.66768767200
  2026-08-27T02:32:00.000000       4194.751231006       4874.569170817       2099.561705802   -3.64159635700    5.06843192000   -4.47616382900
  2026-08-27T02:35:59.999999       3176.842496606       5896.232053459        960.908210482   -4.78844694800    3.39269364800   -4.95368350800
  2026-08-27T02:39:59.999999       1924.633609013       6483.020670672       -248.818979446   -5.58198168400    1.46705136000   -5.06478837900
  2026-08-27T02:44:00.000000        530.522308667       6591.825751473      -1440.162953738   -5.96367880000   -0.56571391700   -4.80150337800
  2026-08-27T02:48:00.000000       -902.683775471       6214.957684246      -2525.119054116   -5.90587343700   -2.55511326100   -4.18383397100
  2026-08-27T02:51:59.999999      -2269.457262506       5380.611605965      -3423.696949158   -5.41364015700   -4.35450474400   -3.25808875200
  2026-08-27T02:55:59.999999      -3469.362838249       4150.608365616      -4069.816379337   -4.52401954400   -5.83205543300   -2.09310046200
  2026-08-27T03:00:00.000000      -4414.396162964       2615.663301876      -4416.090963302   -3.30281928000   -6.88019247600   -0.77479965000
  2026-08-27T03:04:00.000000      -5035.303394772        888.651680222      -4437.178293421   -1.83953912300   -7.42285843800    0.60014459500
  2026-08-27T03:08:00.000000      -5286.524752103       -903.604056557      -4131.547513688   -0.24096049500   -7.42053904400    1.93112220700
  2026-08-27T03:11:59.999999      -5149.466351374      -2629.481837072      -3521.585783802    1.37627483700   -6.87298506100    3.12059948600
  2026-08-27T03:15:59.999999      -4633.915710701      -4162.064292559      -2652.034667640    2.89369900300   -5.81952293500    4.08094463200
  2026-08-27T03:20:00.000000      -3777.454026724      -5388.418645486      -1586.817624870    4.19958449400   -4.33671193400    4.74095549700
  2026-08-27T03:24:00.000000      -2642.837272623      -6217.962373322       -404.421387101    5.19720053300   -2.53317424000    5.05126661700
  2026-08-27T03:27:59.999999      -1313.476283461      -6589.284459472        807.855492758    5.81229300600   -0.54190000000    4.98833538000
  2026-08-27T03:31:59.999999        112.707464860      -6474.838407136       1960.398291475    5.99901536500    1.48972691700    4.55656743500
  2026-08-27T03:36:00.000000       1530.584628607      -5883.036916310       2967.994679249    5.74350905500    3.41136947800    3.78797587500
  2026-08-27T03:40:00.000000       2835.647174302      -4857.588371829       3756.189249353    5.06475695200    5.08106657800    2.73961319500
  2026-08-27T03:43:59.999999       3931.758681562      -3474.190488979       4266.801786847    4.01305397200    6.37588287100    1.48915738900
  2026-08-27T03:47:59.999999       4738.221876588      -1834.847167942       4462.182631434    2.66592808600    7.20082452700    0.12893449500
  2026-08-27T03:52:00.000000       5195.645424169        -60.330777594       4327.918424262    1.12230681700    7.49536010000   -1.24091007600
  2026-08-27T03:56:00.000000       5270.259997216       1718.632348515       3873.868902166   -0.50445832100    7.23759885300   -2.51943310700
  2026-08-27T03:59:59.999999       4956.435409611       3370.918207223       3133.485926918   -2.09467415700    6.44617223600   -3.61220589800
  2026-08-27T04:03:59.999999       4277.156261347       4774.645211744       2161.400661865   -3.53101774900    5.17905547800   -4.43825078700
  2026-08-27T04:08:00.000000       3282.412900480       5826.206550582       1029.443622293   -4.70718582700    3.52967662300   -4.93614311400
  2026-08-27T04:12:00.000000       2045.561695839       6448.030429632       -178.662314023   -5.53604391300    1.62020543400   -5.06888651000
  2026-08-27T04:15:59.999999        657.875250656       6594.405788008      -1373.565441765   -5.95639167300   -0.40771900800   -4.82686947300
  2026-08-27T04:19:59.999999       -778.296061462       6254.869638403      -2466.984272419   -5.93770613200   -2.40393484600   -4.22854902000
  2026-08-27T04:24:00.000000      -2157.187008432       5454.866438032      -3378.293898632   -5.48214947900   -4.22125659300   -3.31881104700
  2026-08-27T04:28:00.000000      -3377.447562510       4253.699048035      -4040.467307696   -4.62407051800   -5.72646567200   -2.16533064900
  2026-08-27T04:31:59.999999      -4349.558837752       2739.988175733      -4404.934591995   -3.42702672200   -6.80989535100   -0.85324622400
  2026-08-27T04:35:59.999999      -5002.281370817       1025.077829050      -4445.026663428   -1.97884091100   -7.39293593900    0.52118248400
  2026-08-27T04:40:00.000000      -5287.737784149       -765.093968906      -4157.830162276   -0.38520502200   -7.43320839100    1.85741388300
  2026-08-27T04:44:00.000000      -5184.836764345      -2499.067022501      -3564.378779281    1.23762747800   -6.92737741500    3.05757412000
  2026-08-27T04:47:59.999999      -4700.858996346      -4049.347815713      -2708.192711847    2.77087054300   -5.91170240200    4.03328935200
  2026-08-27T04:51:59.999999      -3871.055981750      -5301.705678297      -1652.202387315    4.10163446000   -4.45989651500    4.71219853500
  2026-08-27T04:56:00.000000      -2756.216999522      -6163.651653758       -474.212008559    5.13136481200   -2.67834740000    5.04354563000
  2026-08-27T05:00:00.000000      -1438.284615174      -6571.394701225        738.815189579    5.78348658000   -0.69834310600    5.00227341000
  2026-08-27T05:03:59.999999        -14.328464805      -6494.689991406       1897.214632994    6.00936177000    1.33361175600    4.59112301000
  2026-08-27T05:07:59.999999       1410.677732420      -5939.161154671       2915.335402576    5.79220755000    3.26707650800    3.84058609500
  2026-08-27T05:12:00.000000       2731.701796695      -4945.846963757       3717.948030584    5.14824942100    4.95924042400    2.80640452000
  2026-08-27T05:16:00.000000       3851.431342058      -3588.069379666       4245.803007869    4.12515353200    6.28551682400    1.56515271800
  2026-08-27T05:19:59.999999       4687.422785136      -1965.953577850       4459.967529291    2.79837715600    7.14849856000    0.20850253600
  2026-08-27T05:23:59.999999       5178.116232230       -199.018470614       4344.647489917    1.26540620200    7.48491612000   -1.16357433500
  2026-08-27T05:28:00.000000       5287.304428232       1582.583472282       3908.317564582   -0.36124085700    7.26990715400   -2.45003301500
  2026-08-27T05:32:00.000000       5006.799644401       3247.546085655       3183.114186938   -1.96194262100    6.51885127300   -3.55589595200
  2026-08-27T05:35:59.999999       4357.125211377       4673.053327788       2222.541950633   -3.41857176400    5.28674843500   -4.39921650600
  2026-08-27T05:39:59.999999       3386.084592980       5753.887670480       1097.574238554   -4.62333958800    3.66440917500   -4.91730228900
  2026-08-27T05:44:00.000000       2165.280495065       6410.307244606       -108.587131337   -5.48698846100    1.77197778100   -5.07161539000
  2026-08-27T05:48:00.000000        784.805879660       6594.036093338      -1306.726728285   -5.94571583400   -0.25015371500   -4.85093931500
  2026-08-27T05:51:59.999999       -653.509882399       6291.846463858      -2408.314937063   -5.96612095900   -2.25219772700   -4.27212252100
  2026-08-27T05:55:59.999999      -2043.724114693       5526.437837945      -3332.110912539   -5.54751307500   -4.08648507700   -3.37864447000
  2026-08-27T06:00:00.000000      -3283.645081506       4354.573102832      -4010.161045370   -4.72152360200   -5.61854581200   -2.23697756300
  2026-08-27T06:04:00.000000      -4282.295607242       2862.731052915      -4392.717429770   -3.54936631300   -6.73669256000   -0.93141234400
  2026-08-27T06:08:00.000000      -4966.479111224       1160.664949057      -4451.781264052   -2.11706218600   -7.35974276400    0.44221564400
  2026-08-27T06:11:59.999999      -5286.013026572       -626.611657939      -4183.057629435   -0.52922792000   -7.44242751900    1.78337718400
  2026-08-27T06:15:59.999999      -5217.324095295      -2367.858324109      -3606.237434085    1.09830509700   -6.97841726900    2.99388129600
  2026-08-27T06:20:00.000000      -4765.187038755      -3935.068946511      -2763.612351322    2.64649657900   -6.00088938300    3.98468612300
  2026-08-27T06:24:00.000000      -3962.505209233      -5212.783600630      -1717.098495530    4.00140364700   -4.58070961800    4.68232659200
  2026-08-27T06:27:59.999999      -2868.058936175      -6106.646784503       -543.792696456    5.06270652200   -2.82186458600    5.03461627900
  2026-08-27T06:31:59.999999      -1562.283278124      -6550.515067727        669.687484326    5.75147413800   -0.85400791400    5.01496166400
  2026-08-27T06:36:00.000000       -141.343703923      -6511.480607315       1833.650650039    6.01640110100    1.17731297100    4.62451368800
  2026-08-27T06:40:00.000000       1290.015075498      -5992.375554654       2862.034386083    5.83776508400    3.12172368700    3.89217612800
  2026-08-27T06:43:59.999999       2626.281316476      -5031.550779370       3678.839824399    5.22891917500    4.83550949300    2.87235535000
  2026-08-27T06:47:59.999999       3769.016141663      -3699.947592157       4223.772073857    4.23501578600    6.19248667100    1.64063676000
  2026-08-27T06:52:00.000000       4634.083607937      -2095.760004390       4456.642576742    2.92931388300    7.09304662500    0.28793217200
  2026-08-27T06:56:00.000000       5157.780981421       -337.191442090       4360.272595030    1.40781100600    7.47106857100   -1.08606483300
  2026-08-27T06:59:59.999999       5301.483219129       1446.212686593       3941.741575213   -0.21779492900    7.29869130800   -2.38012471400
  2026-08-27T07:03:59.999999       5054.472357034       3123.029359800       3231.881888354   -1.82801329600    6.58825677300   -3.49873983300
  2026-08-27T07:08:00.000000       4434.792209997       4569.587161113       2283.060385243   -3.30410242700    5.39168584900   -4.35906286500
  2026-08-27T07:12:00.000000       3488.020488706       5679.119689674       1165.374990164   -4.53682254100    3.79713244300   -4.89714791100
  2026-08-27T07:15:59.999999       2283.961711666       6369.759056187        -38.517403993   -5.43482373600    1.92263985100   -5.07297429500
  2026-08-27T07:19:59.999999        911.472734921       6590.689555968      -1239.566304743   -5.93174393900   -0.09272305200   -4.87366775700
  2026-08-27T07:24:00.000000       -528.199996828       6325.932067328      -2349.017567121   -5.99132815700   -2.09962979900   -4.31450989700
  2026-08-27T07:28:00.000000      -1929.001728299       5595.421397381      -3285.040672604   -5.60996748900   -3.95002461600   -3.43750872500
  2026-08-27T07:31:59.999999      -3187.942005697       4453.360187325      -3978.770164135   -4.81657680900   -5.50816313300   -2.30797042900
  2026-08-27T07:35:59.999999      -4212.636520165       2984.049817820      -4379.305418735   -3.67000675900   -6.66046477300   -1.00931600700
  2026-08-27T07:40:00.000000      -4927.973087324       1295.596728289      -4457.325234442   -2.25442958800   -7.32322476300    0.36312793700
  2026-08-27T07:44:00.000000      -5281.480406189       -487.975969895      -4207.142369433   -0.67322966600   -7.44826188600    1.70890396700
  2026-08-27T07:47:59.999999      -5247.095264902      -2235.693781181      -3647.094152312    0.95819039200   -7.02618153800    2.92944099400
  2026-08-27T07:51:59.999999      -4827.088224535      -3819.088054972      -2818.246930505    2.52051635500   -6.08717966800    3.93503266400
  2026-08-27T07:56:00.000000      -4051.998996769      -5121.535741329      -1781.489563634    3.89888194300   -4.69925644900    4.65119331700
  2026-08-27T08:00:00.000000      -2978.558197522      -6046.865037081       -613.180973913    4.99127747300   -2.96389725900    5.02436882500
  2026-08-27T08:03:59.999999      -1685.638938698      -6526.597921483        600.435646767    5.71642244200   -1.00899323400    5.02633002400
  2026-08-27T08:07:59.999999       -268.462097511      -6525.175255785       1769.650543795    6.02029443400    1.02080552900    4.65664032700
  2026-08-27T08:12:00.000000       1168.505175892      -6042.657043432       2808.011424078    5.88032269800    2.97522989000    3.94267665000
  2026-08-27T08:16:00.000000       2519.337367050      -5114.693985081       3638.777730999    5.30698509900    4.70984792200    2.93746722200
  2026-08-27T08:19:59.999999       3684.512733827      -3809.806926958       4200.616122341    4.34278759500    6.09687024200    1.71553575300
  2026-08-27T08:23:59.999999       4578.236668072      -2224.240750604       4452.094572318    3.05888338200    7.03445407700    0.36715092100
  2026-08-27T08:28:00.000000       5134.704870419       -474.825716690       4374.671962669    1.54963834200    7.45384949100   -1.00837014500
  2026-08-27T08:32:00.000000       5312.879728615       1309.565860399       3974.027268539   -0.07411453700    7.32409053300   -2.30969299400
  2026-08-27T08:35:59.999999       5099.517939611       2997.438320669       3279.670846801   -1.69300545200    6.65441682500   -3.44077348500
  2026-08-27T08:39:59.999999       4510.198278828       4464.314123467       2342.827710590   -3.18768131200    5.49381513700   -4.31783568000
  2026-08-27T08:44:00.000000       3588.256067683       5601.950112556       1232.707248140   -4.44762201000    3.92775328800   -4.87572901700
  2026-08-27T08:48:00.000000       2401.651642648       6326.411272673         31.402289412   -5.37948637300    2.07211579500   -5.07297304300
  2026-08-27T08:51:59.999999       1037.940868222       6584.379885332      -1172.233348352   -5.91437152500    0.06453329800   -4.89508001900
  2026-08-27T08:55:59.999999       -402.273422068       6357.136005756      -2289.247130976   -6.01318510900   -1.94620902300   -4.35572675500
  2026-08-27T09:00:00.000000      -1812.891874223       5661.848177706      -3237.246833792   -5.66940710500   -3.81173145000   -3.49547718500
  2026-08-27T09:04:00.000000      -3090.193776630       4550.131005236      -3946.480186163   -4.90920718400   -5.39514903900   -2.37839974100
  2026-08-27T09:08:00.000000      -4140.442951913       3104.061193007      -4364.902335088   -3.78901902100   -6.58099584100   -1.08702921200
  2026-08-27T09:11:59.999999      -4886.650462754       1430.042234654      -4461.880312897   -2.39108981000   -7.28315111600    0.28383276900
  2026-08-27T09:15:59.999999      -5274.081168414       -348.966239032      -4230.334076711   -0.81752399900   -7.45054304400    1.63385406800
  2026-08-27T09:20:00.000000      -5274.182218996      -2102.330833709      -3687.229413674    0.81687505700   -7.07067117900    2.86416659100
  2026-08-27T09:24:00.000000      -4886.689757331      -3701.174194405      -2872.388371150    2.39254396500   -6.17065305000    3.88430572600
  2026-08-27T09:27:59.999999      -4139.755747645      -5027.757636675      -1845.669329702    3.79368690100   -4.81568708000    4.61880306800
  2026-08-27T09:31:59.999999      -3088.024280117      -5984.152173201       -682.669134796    4.91669901000   -3.10473288500    5.01281288500
  2026-08-27T09:36:00.000000      -1808.745106057      -6499.579553490        530.780200117    5.67805060700   -1.16374844600    5.03649947600
  2026-08-27T09:40:00.000000       -396.120265907      -6535.822631650       1704.979263390    6.02095541900    0.86363224200    4.68773929500
  2026-08-27T09:43:59.999999       1045.708302853      -6090.148531969       2753.096123331    5.91990841500    2.82726983100    3.99236302800
  2026-08-27T09:47:59.999999       2410.442394074      -5195.490783656       3597.659719777    5.38252895700    4.58197840200    3.00204340000
  2026-08-27T09:52:00.000000       3597.528343033      -3917.922209009       4176.311533389    4.44870238300    5.99849194100    1.79020032700
  2026-08-27T09:56:00.000000       4519.551835949      -2351.681766168       4446.372006648    3.18733167100    6.97275877600    0.44637740600
  2026-08-27T09:59:59.999999       5108.620202132       -612.197570591       4387.932451907    1.69119262300    7.43329699300   -0.93037026600
  2026-08-27T10:03:59.999999       5321.306515225       1172.385142451       4005.285789886    0.07014276100    7.34622745400   -2.23863822700
  2026-08-27T10:08:00.000000       5141.826239194       2870.561161887       3326.617590192   -1.55666046200    6.71762070800   -3.38191177100
  2026-08-27T10:12:00.000000       4583.265681477       4357.097569637       2401.988717984   -3.06928274000    5.59342870500   -4.27554738400
  2026-08-27T10:15:59.999999       3686.696624617       5522.297133540       1299.698761381   -4.35587901300    4.05640792800   -4.85316610600
  2026-08-27T10:19:59.999999       2518.214654566       6280.187227241        101.260068510   -5.32114377100    2.22031432500   -5.07179728800
  2026-08-27T10:24:00.000000       1164.042581355       6574.986885772      -1104.682233685   -5.89372344300    0.22135883100   -4.91536105900
  2026-08-27T10:28:00.000000       -275.920319043       6385.259095440      -2229.000562301   -6.03174112700   -1.79233427600   -4.39592747500
  2026-08-27T10:31:59.999999      -1695.586320566       5725.407346293      -3188.751580763   -5.72577142600   -3.67212646000   -3.55259178800
  2026-08-27T10:35:59.999999      -2990.559510867       4644.442068172      -3913.309748442   -4.99919013700   -5.28006744900   -2.44820025900
  2026-08-27T10:40:00.000000      -4065.797115413       3222.187164288      -4349.498504784   -3.90599426700   -6.49883405000   -1.16437028300
  2026-08-27T10:44:00.000000      -4842.478024730       1563.309840597      -4465.377976745   -2.52650085300   -7.23990973600    0.20462829100
  2026-08-27T10:47:59.999999      -5263.636574822       -210.342463926      -4252.482230148   -0.96144251300   -7.44942408200    1.55859669600
  2026-08-27T10:51:59.999999      -5298.243895557      -1968.534857378      -3726.406075402    0.67501258200   -7.11178766100    2.79840035000
  2026-08-27T10:56:00.000000      -4943.501003924      -3582.045308145      -2925.714411294    2.26318097000   -6.25100482300    3.83288906000
  2026-08-27T11:00:00.000000      -4225.149944233      -4932.058445089      -1909.225177470    3.68632827300   -4.92939167600    4.58549535700
  2026-08-27T11:03:59.999999      -3195.730185410      -5918.939864045       -751.781898007    4.83929245500   -3.24352352200    5.00011260300
  2026-08-27T11:07:59.999999      -1930.827927584      -6469.676607948        461.209820168    5.63640659900   -1.31737046100    5.04541621000
  2026-08-27T11:12:00.000000       -523.565223880      -6543.432461286       1640.092904084    6.01819272200    0.70660174900    4.71760560800
  2026-08-27T11:16:00.000000        922.312235887      -6134.687302275       2697.682384050    5.95619651600    2.67847323900    4.04094463500
  2026-08-27T11:19:59.999999       2300.194725659      -5273.638395103       3555.800582387    5.45510802100    4.45242350700    3.06570353800
  2026-08-27T11:23:59.999999       3508.536819299      -4023.888908067       4151.077514601    4.55216493200    5.89764787200    1.86422771800
  2026-08-27T11:28:00.000000       4458.356021866      -2477.643096174       4439.608149974    3.31407099800    6.90800909200    0.52531517000
  2026-08-27T11:32:00.000000       5079.714215949       -748.862769353       4400.121335279    1.83186944500    7.40939087900   -0.85234649900
  2026-08-27T11:35:59.999999       5326.808130546       1035.085849623       4035.513543565    0.21443768500    7.36487377100   -2.16725994900
  2026-08-27T11:39:59.999999       5181.333272780       2742.739920274       3372.648920613   -1.41933353800    6.77748649600   -3.32240595900
  2026-08-27T11:44:00.000000       4653.870685339       4248.182984281       2460.427958653   -2.94906724100    5.69015120000   -4.23229395600
  2026-08-27T11:48:00.000000       3783.193104364       5440.332754446       1366.234963978   -4.26167885000    4.18288014600   -4.82936953000
  2026-08-27T11:51:59.999999       2633.476957562       6231.229766199        170.980276753   -5.25992308200    2.36718860700   -5.06921902700
  2026-08-27T11:55:59.999999       1289.561878900       6562.650235276      -1036.924530538   -5.86999868200    0.37775622700   -4.93419601000
  2026-08-27T12:00:00.000000       -149.403498247       6410.440586780      -2168.208959043   -6.04718317800   -1.63802020300   -4.43477695000
  2026-08-27T12:04:00.000000      -1577.379972379       5786.235728914      -3139.409047037   -5.77915304100   -3.53120763300   -3.60856155700
  2026-08-27T12:08:00.000000      -2889.349950195       4736.439490762      -3879.052147312   -5.08657664800   -5.16283629300   -2.51716074600
  2026-08-27T12:11:59.999999      -3989.022111040       3338.594327683      -4332.849162889   -4.02096519500   -6.41390407800   -1.24123577100
  2026-08-27T12:15:59.999999      -4795.776310536       1695.577635649      -4467.563550491   -2.66060387800   -7.19347625400    0.12549874600
  2026-08-27T12:20:00.000000      -5250.445956912        -71.920974600      -4273.349473115   -1.10488694100   -7.44490379800    1.48300807500
  2026-08-27T12:24:00.000000      -5319.551966125      -1834.128640437      -3764.428257934    0.53274414400   -7.14956519500    2.73191407800
  2026-08-27T12:27:59.999999      -4997.758901578      -3461.539990601      -2978.101574469    2.13256699600   -6.32836300800    3.78041417100
  2026-08-27T12:31:59.999999      -4308.378006194      -4834.329287451      -1972.120268048    3.57702340400   -5.04065408900    4.55095013200
  2026-08-27T12:36:00.000000      -3301.811962501      -5851.181775666       -820.549898690    4.75931746500   -3.38049572900    4.98601696600
  2026-08-27T12:40:00.000000      -2051.970813005      -6436.897317086        391.636225275    5.59166516700   -1.47009599900    5.05285945900
  2026-08-27T12:43:59.999999       -650.849429304      -6548.075536483       1574.859960871    6.01208206300    0.54941280200    4.74611214400
  2026-08-27T12:47:59.999999        798.275281384      -6176.424756392       2641.622110868    5.98920227800    2.52845944500    4.08839660400
  2026-08-27T12:52:00.000000       2188.560375260      -5349.400358719       3513.061874682    5.52482591100    4.32066939000    3.12857630500
  2026-08-27T12:56:00.000000       3417.548210652      -4128.085671343       4124.820414459    4.65341332500    5.79390211900    1.93784256000
  2026-08-27T12:59:59.999999       4394.720876772      -2602.596940586       4431.771640166    3.43936658600    6.83983773300    0.60426587900
  2026-08-27T13:03:59.999999       5048.133952807       -885.379943845       4411.298188427    1.97205894000    7.38180726900   -0.77382904400
  2026-08-27T13:08:00.000000       5329.637641119        897.059897696       4064.901165051    0.35922273600    7.37997692400   -2.09496545400
  2026-08-27T13:12:00.000000       5218.394632221       2613.385568830       3418.096472717   -1.28061524400    6.83419848600   -3.26170301500
  2026-08-27T13:15:59.999999       4722.464698716       4137.046695543       2518.589884552   -2.82663796800    5.78431606300   -4.18769910500
  2026-08-27T13:19:59.999999       3878.296437273       5355.625329196       1432.822722231   -4.16457524000    4.30760694800   -4.80419535300
  2026-08-27T13:24:00.000000       2748.101057802       6179.223686306        241.073320618   -5.19537669700    2.51327722000   -5.06537407300
  2026-08-27T13:28:00.000000       1415.263883414       6547.194606580       -968.513961003   -5.84279375700    0.53436124300   -4.95196430300
  2026-08-27T13:31:59.999999        -21.883511560       6432.679537897      -2106.537266905   -6.05933340300   -1.48244977500   -4.47281130800
  2026-08-27T13:35:59.999999      -1457.437947277       5844.527751636      -3089.026369909   -5.82975610900   -3.38820462200   -3.66400899300
  2026-08-27T13:40:00.000000      -2785.812357535       4826.474441206      -3843.661241689   -5.17180695300   -5.04293675100   -2.58586440400
  2026-08-27T13:44:00.000000      -3909.483607706       3453.741914836      -4315.040600711   -4.13450244800   -6.32580475800   -1.31815829300
  2026-08-27T13:47:59.999999      -4746.072970457       1827.380761797      -4468.644270990   -2.79415667600   -7.14363456300    0.04598699300
  2026-08-27T13:51:59.999999      -5234.225758451         66.859345048      -4293.238024930   -1.24865003700   -7.43696270900    1.40674893300
  2026-08-27T13:56:00.000000      -5338.013163255      -1698.563395019      -3801.665035555    0.38927344400   -7.18414604300    2.66450279800
  2026-08-27T14:00:00.000000      -5049.558843004      -3339.158339976      -3029.945668356    1.99993567000   -6.40297170700    3.72685331400
  2026-08-27T14:03:59.999999      -4389.719241160      -4734.140016335      -2034.750065170    3.46499771600   -5.14985090500    4.51518733900
  2026-08-27T14:07:59.999999      -3406.716126496      -5780.572843385       -889.344032987    4.67621805300   -3.51626922200    4.97074039300
  2026-08-27T14:12:00.000000      -2172.709442425      -6401.069073113        321.764336216    5.54361130300   -1.62236401200    5.05920826100
  2026-08-27T14:16:00.000000       -778.539961183      -6549.660172883       1509.077745627    6.00256832800    0.39182773800    4.77364341300
  2026-08-27T14:19:59.999999        673.031840438      -6215.303509676       2584.804696724    6.01898069300    2.37719262800    4.13510080700
  2026-08-27T14:23:59.999999       2074.986008671      -5422.698791791       3469.418766976    5.59169148300    4.18687547200    3.19097371200
  2026-08-27T14:28:00.000000       3324.009471651      -4230.399952238       4097.582623686    4.75249558300    5.68739723700    2.01131217800
  2026-08-27T14:32:00.000000       4328.120954210      -2726.382312225       4422.954380653    3.56337419500    6.76852236700    0.68333832400
  2026-08-27T14:35:59.999999       5013.383055897      -1021.508629262       4421.546187767    2.11181894600    7.35087875200   -0.69499818100
  2026-08-27T14:39:59.999999       5329.302126202        758.610757000       4093.461240649    0.50449569400    7.39170386200   -2.02213741900
  2026-08-27T14:44:00.000000       5252.516879403       2482.821443487       3462.870639988   -1.14051893300    6.88778311500   -3.20025418000
  2026-08-27T14:48:00.000000       4788.544824713       4024.003256908       2576.277744194   -2.70207803500    5.87583590100   -4.14221298300
  2026-08-27T14:51:59.999999       3971.467287621       5268.446673691       1499.158555523   -4.06477361900    4.43027877900   -4.77805622700
  2026-08-27T14:55:59.999999       2861.495622285       6124.334405843        311.152067514   -5.12769286400    2.65801423300   -5.06052019500
  2026-08-27T15:00:00.000000       1540.522730983       6528.630164809       -899.875518897   -5.81222187100    0.69044906300   -4.96874181200
  2026-08-27T15:04:00.000000        106.006934377       6451.784719351      -2044.408386773   -6.06810630100   -1.32657607900   -4.50993689500
  2026-08-27T15:08:00.000000      -1336.331522954       5899.860711293      -3037.983494290   -5.87714862000   -3.24403989500   -3.71868447600
  2026-08-27T15:11:59.999999      -2680.386897933       4913.931845223      -3807.451980223   -5.25428133900   -4.92104647700   -2.65403349300
  2026-08-27T15:15:59.999999      -3827.475087789       3566.864181602      -4296.311875564   -4.24594789700   -6.23513336500   -1.39474631900
  2026-08-27T15:20:00.000000      -4693.479764360       1957.838817918      -4468.745072800   -2.92633899700   -7.09071508800   -0.03338407700
  2026-08-27T15:24:00.000000      -5214.892678635        205.072320190      -4312.145186178   -1.39193078700   -7.42565994000    1.33036627600
  2026-08-27T15:27:59.999999      -5353.350160150      -1562.747698388      -3837.978611010    0.24541244200   -7.21530036600    2.59672183000
  2026-08-27T15:31:59.999999      -5098.436345177      -3215.720278537      -3080.989472084    1.86601380700   -6.47434442000    3.67264720100
  2026-08-27T15:36:00.000000      -4468.545621970      -4632.165520748      -2096.758147167    3.35089887700   -5.25623757000    4.47859883800
  2026-08-27T15:40:00.000000      -3509.687771768      -5707.571395700       -957.732787874    4.59034868300   -3.64983548300    4.95448321300
  2026-08-27T15:43:59.999999      -2292.240996840      -6362.419346864        252.051657062    5.49234513900   -1.77328270600    5.06450367200
  2026-08-27T15:47:59.999999       -905.814922848      -6548.202435049       1443.199025859    5.98970030800    0.23474426800    4.80009175500
  2026-08-27T15:52:00.000000        547.394635980      -6251.125867340       2527.625968802    6.04541037600    2.22552354000    4.18070838500
  2026-08-27T15:56:00.000000       1960.239286172      -5493.147300101       3425.163103671    5.65545091100    4.05177089500    3.25238899300
  2026-08-27T15:59:59.999999       3228.598872984      -4330.272544194       4069.517509943    4.84886788200    5.57879536600    2.08397112200
  2026-08-27T16:03:59.999999       4259.070215984      -2848.325514623       4413.151312114    3.68532498800    6.69434959800    0.76193213800
  2026-08-27T16:08:00.000000       4975.789728571      -1156.538319329       4430.738622939    2.25038504400    7.31668633000   -0.61629237300
  2026-08-27T16:12:00.000000       5325.940101169        620.454387171       4120.966787148    0.64942353100    7.39998252600   -1.94917592100
  2026-08-27T16:15:59.999999       5283.636398069       2351.716883243       3506.655868127   -0.99987166500    6.93790668300   -3.13838741100
  2026-08-27T16:19:59.999999       4851.862993390       3909.614782265       2633.113722210   -2.57606930700    5.96416620700   -4.09600558600
  2026-08-27T16:24:00.000000       4062.321317416       5179.217882210       1564.846815575   -3.96275145900    4.55030994200   -4.75095887900
  2026-08-27T16:28:00.000000       2973.177884397       6066.846277931        380.833949535   -5.05722024100    2.80083639300   -5.05453901400
  2026-08-27T16:31:59.999999       1664.787250864       6507.106108172       -831.350787665   -5.77847839400    0.84546153400   -4.98429451600
  2026-08-27T16:35:59.999999        233.692055564       6467.785370543      -1982.096397474   -6.07351572700   -1.17081581000   -4.54583624500
  2026-08-27T16:40:00.000000      -1214.627102016       5952.181350707      -2986.475487999   -5.92126021800   -3.09900400900   -3.77225366200
  2026-08-27T16:44:00.000000      -2573.609469919       4998.696369151      -3770.533467837   -5.33378299500   -4.79737581700   -2.72128720500
  2026-08-27T16:47:59.999999      -3743.460468903       3677.823558736      -4276.688777310   -4.35496500000   -6.14184349100   -1.47073473500
  2026-08-27T16:51:59.999999      -4638.390129767       2086.833780674      -4467.853905322   -3.05687795500   -7.03463986200   -0.11252657800
  2026-08-27T16:56:00.000000      -5192.767278510        342.624761469      -4330.042347037   -1.53441339500   -7.41084684300    1.25389484100
  2026-08-27T17:00:00.000000      -5365.821765190      -1426.731918381      -3873.349143009    0.10135627400   -7.24286088000    2.52847736600
  2026-08-27T17:03:59.999999      -5144.607401719      -3091.241864599      -3131.239947864    1.73097352500   -6.54233879600    3.61765535600
  2026-08-27T17:07:59.999999      -4545.040309680      -4528.392682857      -2158.197334933    3.23480945100   -5.35974140300    4.44094324400
  2026-08-27T17:12:00.000000      -3610.890579708      -5632.166618806      -1025.830322402    4.50182163200   -3.78126807200    4.93700512300
  2026-08-27T17:16:00.000000      -2410.702200539      -6320.955457031        182.327899961    5.43794755500   -1.92293754400    5.06851595700
  2026-08-27T17:19:59.999999      -1032.803190342      -6543.745447270       1377.004701928    5.97348322700    0.07792194200    4.82530481300
  2026-08-27T17:23:59.999999        421.246577893      -6284.004977805       2469.854545807    6.06858787700    2.07314848100    4.22524681800
  2026-08-27T17:28:00.000000       1844.234373946      -5560.928374329       3380.079376346    5.71626623000    3.91509187200    3.31292971400
  2026-08-27T17:32:00.000000       3131.279827559      -4427.952244934       4040.447960757    4.94280181800    5.46785847100    2.15605907300
  2026-08-27T17:35:59.999999       4187.596854068      -2968.701949233       4402.240791173    3.80543769100    6.61729029600    0.84023285400
  2026-08-27T17:39:59.999999       4935.423498356      -1290.756284843       4438.797215924    2.38791447600    7.27912903500   -0.53748584600
  2026-08-27T17:44:00.000000       5319.670174088        482.281999794       4147.416165470    0.79426214100    7.40480784800   -1.87568850200
  2026-08-27T17:48:00.000000       5311.930558957       2219.785683606       3549.547515653   -0.85846530000    6.98476478900   -3.07571227500
  2026-08-27T17:51:59.999999       4912.633849813       3793.654376978       2689.274548873   -2.44850525600    6.04956326200   -4.04878527900
  2026-08-27T17:55:59.999999       4151.092382019       5087.774002575       1630.123175991   -3.85843123100    4.66795710200   -4.72269516900
  2026-08-27T18:00:00.000000       3083.403543605       6006.658206721        450.393852851   -4.98386151700    2.94203618300   -5.04732609200
  2026-08-27T18:04:00.000000       1788.336482765       6482.599507343       -762.654006426   -5.74149893700    0.99975638700   -4.99865781100
  2026-08-27T18:08:00.000000        361.452087922       6480.739717943      -1919.341994761   -6.07560583800   -1.01487425100   -4.58066858100
  2026-08-27T18:11:59.999999      -1092.062820499       6001.605283421      -2934.287202535   -5.96218616500   -2.95290457900   -3.82491940600
  2026-08-27T18:15:59.999999      -2465.247060399       5080.920069783      -3732.744838324   -5.41046691300   -4.67182087600   -2.78787227300
  2026-08-27T18:20:00.000000      -3657.249210888       3786.780161502      -4256.066875510   -4.46173672700   -6.04598877600   -1.54632467500
  2026-08-27T18:24:00.000000      -4580.649549083       2214.508972502      -4465.904045490   -3.18590240400   -6.97545180000   -0.19158336400
  2026-08-27T18:27:59.999999      -5167.732629898        479.641676780      -4346.905364768   -1.67626025100   -7.39267550700    1.17714488600
  2026-08-27T18:31:59.999999      -5375.332345052      -1290.441604942      -3907.784065999   -0.04290645700   -7.26704118800    2.45970055000
  2026-08-27T18:36:00.000000      -5187.975041125      -2965.689471713      -3180.712223867    1.59482535300   -6.60710957900    3.56189544800
  2026-08-27T18:40:00.000000      -4619.098631404      -4422.818998766      -2219.067146819    3.11678862000   -5.46044023100    4.40231259100
  2026-08-27T18:43:59.999999      -3710.206502368      -5554.360460462      -1093.613006960    4.41067817200   -3.91054069000    4.91839547000
  2026-08-27T18:47:59.999999      -2527.963713036      -6276.666833326        112.639328625    5.38048112300   -2.07124230200    5.07134330500
  2026-08-27T18:52:00.000000      -1159.361118935      -6536.244062869       1310.561618395    5.95396079000   -0.07842838300    4.84935533700
  2026-08-27T18:56:00.000000        294.728919089      -6313.838643194       2411.567063504    6.08843652700    1.92030400800    4.26873501600
  2026-08-27T18:59:59.999999       1727.086657136      -5625.886226953       3334.251790459    5.77401254200    3.77705107800    3.37262025700
  2026-08-27T19:03:59.999999       3032.136485502      -4523.230629468       4010.457851259    5.03414787400    5.35480200500    2.22752853400
  2026-08-27T19:08:00.000000       4113.749318073      -3087.264680942       4390.292852884    3.92359473300    6.53750473300    0.91818448200
  2026-08-27T19:12:00.000000       4892.297372684      -1423.863925981       4445.762282912    2.52418740900    7.23843856300   -0.45880322500
  2026-08-27T19:15:59.999999       5310.437066517        344.425138914       4172.775988276    0.93870123000    7.40616925200   -1.80202310900
  2026-08-27T19:19:59.999999       5337.284392203       2087.332074219       3591.437958244   -0.71647063100    7.02818071000   -3.01247998300
  2026-08-27T19:24:00.000000       4970.710590223       3676.382677034       2744.607374978   -2.31950820100    6.13187725600   -4.00070149900
  2026-08-27T19:28:00.000000       4237.599776620       4994.340346805       1694.806622389   -3.75197198100    4.78304857400   -4.69333973600
  2026-08-27T19:31:59.999999       3191.951418815       5943.946947026        519.641402891   -4.90778442600    3.08136668600   -5.03888190300
  2026-08-27T19:35:59.999999       1910.912092526       6455.215436305       -693.965817926   -5.70139999400    1.15298925500   -5.01173351000
  2026-08-27T19:40:00.000000        489.013078544       6490.669953826      -1856.290104141   -6.07440921600   -0.85909148700   -4.61426289000
  2026-08-27T19:44:00.000000       -968.912912806       6048.074862547      -2881.518598619   -5.99989635700   -2.80606817900   -3.87647607100
  2026-08-27T19:47:59.999999      -2355.558734340       5160.470476534      -3694.132642157   -5.48422954500   -4.54467148300   -2.85354874900
  2026-08-27T19:51:59.999999      -3569.067087167       3893.538140111      -4234.434179361   -4.56608722200   -5.94779869200   -1.62127130700
  2026-08-27T19:56:00.000000      -4520.433946011       2340.618025441      -4462.824762557   -3.31317082300   -6.91336791500   -0.27029808900
  2026-08-27T20:00:00.000000      -5139.892083848        615.837859592      -4362.594126222   -1.81712911900   -7.37121390400    1.10041942600
  2026-08-27T20:03:59.999999      -5381.908668636      -1154.159925483      -3941.083653064   -0.18707996600   -7.28780214000    2.39056942000
  2026-08-27T20:07:59.999999      -5228.487968931      -2839.342352974      -3229.174442742    1.45794952800   -6.66863706800    3.50546721700
  2026-08-27T20:12:00.000000      -4690.567547251      -4315.702400370      -2279.115484401    2.99728011800   -5.55817910900    4.36278241900
  2026-08-27T20:16:00.000000      -3807.379044312      -5474.356383917      -1160.817009768    4.31731983000   -4.03735415800    4.89866526700
  2026-08-27T20:19:59.999999      -2643.687843945      -6229.675724928         43.239625655    5.32020715700   -2.21783402100    5.07289292800
  2026-08-27T20:23:59.999999      -1285.103886732      -6525.735026311       1244.093722564    5.93127220400   -0.23396689700    4.87209204100
  2026-08-27T20:28:00.000000        168.248054661      -6340.581202967       2352.945395886    6.10500713100    1.76734029800    4.31097142800
  2026-08-27T20:32:00.000000       1609.196542480      -5687.895658306       3287.806577052    5.82858441700    3.63794303800    3.43122483000
  2026-08-27T20:35:59.999999       2931.525203808      -4615.923712017       3979.618369370    5.12267337700    5.23978196700    2.29816232700
  2026-08-27T20:39:59.999999       4037.828267593      -3203.802678718       4377.334969903    4.03953988200    6.45505550700    0.99562925500
  2026-08-27T20:44:00.000000       4846.652801714      -1555.653098216       4451.635532273    2.65899494600    7.19456769200   -0.38028100100
  2026-08-27T20:48:00.000000       5298.429638906        207.087508701       4197.046589363    1.08247452000    7.40409480800   -1.72818123600
  2026-08-27T20:51:59.999999       5359.805488992       1954.559671921       3632.316483706   -0.57427959900    7.06805349700   -2.94877677700
  2026-08-27T20:55:59.999999       5026.117075931       3557.954973017       2799.082474900   -2.18935163300    6.21083156000   -3.95180668000
  2026-08-27T21:00:00.000000       4321.820867857       4899.004568287       1758.860603049   -3.64351258700    4.89533478100   -4.66291910900
  2026-08-27T21:04:00.000000       3298.769369889       5878.743263085        588.535377847   -4.82910849800    3.21861055400   -5.02921741200
  2026-08-27T21:08:00.000000       2032.431341857       6424.937926567       -625.327104462   -5.65831853300    1.30498011200   -5.02349865300
  2026-08-27T21:11:59.999999        616.259068018       6497.518496342      -1792.968777331   -6.07004928000   -0.70361255700   -4.64652504800
  2026-08-27T21:15:59.999999       -845.321470483       6091.507412824      -2828.172480483   -6.03451414400   -2.65857044000   -3.92681719200
  2026-08-27T21:20:00.000000      -2244.717283571       5237.246313062      -3654.671085511   -5.55518883700   -4.41602348000   -2.91818821400
  2026-08-27T21:24:00.000000      -3479.108952706       3997.970761814      -4211.730998606   -4.66806999100   -5.84737342000   -1.69542205200
  2026-08-27T21:27:59.999999      -4457.942400751       2465.013320895      -4458.519953755   -3.43866652200   -6.84844901400   -0.34852640100
  2026-08-27T21:31:59.999999      -5109.435567009        751.053635890      -4376.982515061   -1.95695269000   -7.34651373500    1.02382576000
  2026-08-27T21:36:00.000000      -5385.712686948      -1018.052604485      -3973.095496304   -0.33101024800   -7.30512765300    2.32120475600
  2026-08-27T21:40:00.000000      -5266.273990982      -2712.343514208      -3276.450268779    1.32043297900   -6.72675280300    3.44841018600
  2026-08-27T21:43:59.999999      -4759.568352956      -4207.158934213      -2338.177812038    2.87629340600   -5.65292329600    4.32223635100
  2026-08-27T21:47:59.999999      -3902.517495628      -5392.275485033      -1227.309019325    4.22184457200   -4.16174921500    4.87768369300
  2026-08-27T21:52:00.000000      -2757.959648927      -6180.106482818        -25.771663165    5.25722198500   -2.36270997900    5.07301428400
  2026-08-27T21:56:00.000000      -1410.100910903      -6512.345234952       1177.660488873    5.90544172500   -0.38872952900    4.89332527600
  2026-08-27T21:59:59.999999         41.737116650      -6364.382434257       2294.004328600    6.11830930800    1.61410246200    4.35179036500
  2026-08-27T22:03:59.999999       1490.507813726      -5747.149108103       3240.723327516    5.88005976800    3.49757806900    3.48860534200
  2026-08-27T22:08:00.000000       2829.416451581      -4706.270492205       3947.879298671    5.20851348500    5.12264010000    2.36785993100
  2026-08-27T22:12:00.000000       3959.835286936      -3318.593821525       4363.294066314    4.15342228200    6.36974627000    1.07251326300
  2026-08-27T22:15:59.999999       4798.535795151      -1686.439111853       4456.348171616    2.79253383700    7.14741222000   -0.30186413700
  2026-08-27T22:19:59.999999       5283.746579889         69.938642076       4220.178224710    1.22583542100    7.39855235000   -1.65405484300
  2026-08-27T22:24:00.000000       5379.658681639       1821.147809486       3672.175299494   -0.43161628800    7.10456022500   -2.88437721400
  2026-08-27T22:28:00.000000       5079.068816864       3438.116588044       2852.742797765   -2.05790396800    6.28673685700   -3.90190410300
  2026-08-27T22:31:59.999999       4403.989524693       4801.581799535       1822.375544339   -3.53299244800    5.00507702900   -4.63120814300
  2026-08-27T22:35:59.999999       3404.112086991       5810.937800781        657.223496627   -4.74773117600    3.35414752700   -5.01810701300
  2026-08-27T22:40:00.000000       2153.174027282       6391.760840978       -556.546427801   -5.61215961300    1.45620301600   -5.03383210800
  2026-08-27T22:44:00.000000        743.488248421       6501.401235263      -1729.174433767   -6.06248335800   -0.54792304900   -4.67748368900
  2026-08-27T22:47:59.999999       -720.987860986       6132.137818001      -2774.064775453   -6.06604368300   -2.50992343200   -3.97606878000
  2026-08-27T22:51:59.999999      -2132.429698110       5311.603623932      -3614.223752227   -5.62341566000   -4.28534483100   -2.98206694300
  2026-08-27T22:56:00.000000      -3387.118298256       4100.559950570      -4187.905546540   -4.76793243200   -5.74423231200   -1.76919687700
  2026-08-27T23:00:00.000000      -4392.996297329       2588.277206435      -4453.047927192   -3.56278411600   -6.78034657900   -0.42675679200
  2026-08-27T23:03:59.999999      -5076.293389305        885.935155571      -4390.249934991   -2.09623904500   -7.31838870900    0.94684888000
  2026-08-27T23:07:59.999999      -5386.808956664       -881.454663697      -4004.122856040   -0.47529554600   -7.31905041300    2.25109097200
  2026-08-27T23:12:00.000000      -5301.542008685      -2584.067059295      -3322.960501355    1.18170440600   -6.78176095000    3.39029722000
  2026-08-27T23:16:00.000000      -4826.437691374      -4096.646955853      -2396.754169269    2.75330495200   -5.74504827900    4.28042586400
  2026-08-27T23:19:59.999999      -3996.094347387      -5307.682038679      -1293.639892660    4.12364705200   -4.28429951700    4.85527866300
  2026-08-27T23:23:59.999999      -2871.372743932      -6127.699383585        -94.962625751    5.19116730700   -2.50671050600    5.07174813700
  2026-08-27T23:28:00.000000      -1534.990428368      -6496.009609946       1110.728589757    5.87643668900   -0.54345108900    4.91328796700
  2026-08-27T23:32:00.000000        -85.431631326      -6385.334265425       2234.275507795    6.12844463000    1.46000214100    4.39149132100
  2026-08-27T23:35:59.999999       1370.430887641      -5803.870627697       3192.618008158    5.92866527100    3.35545345800    3.54516452100
  2026-08-27T23:39:59.999999       2725.291483333      -4794.595783662       3914.963028910    5.29201667300    5.00304161700    2.43709082400
  2026-08-27T23:44:00.000000       3879.343235241      -3432.016478424       4348.008730544    4.26564317800    6.28148810000    1.14929566800
  2026-08-27T23:48:00.000000       4747.615689116      -1816.608332810       4459.832152957    2.92522537500    7.09698581400   -0.22320125800
  2026-08-27T23:51:59.999999       5266.161591221        -67.386941208       4242.187261689    1.36921166700    7.38970962400   -1.57929733300
  2026-08-27T23:55:59.999999       5396.708764169       1686.787964288       3711.097615417   -0.28814794000    7.13796598400   -2.81907035900
  2026-08-28T00:00:00.000000       5129.502857208       3316.627680777       2905.709941495   -1.92489969400    6.35992559200   -3.85090426700
